name_en,name_cn,name_ja,city,city_cn,region,region_cn,category,category_cn,tour_count,tours,description,sources,site
Mt Fuji,富士山,,Fuji,富士山,Chubu,中部,nature,自然景观,2,NT004 NT104,,https://selfguidejapan.com/tours/NT004 https://selfguidejapan.com/tours/NT104,selfguidejapan.com
Meoto Iwa,夫妇岩,,Futami,二见,Chubu,中部,,,1,LX001,,https://selfguidejapan.com/tours/LX001,selfguidejapan.com
Gero Onsen,下吕温泉,,Gero,下吕温泉,Chubu,中部,onsen,温泉,2,HS001 HS002,,https://selfguidejapan.com/tours/HS001 https://selfguidejapan.com/tours/HS002,selfguidejapan.com
Hakuba Tsugaike ski area,白马栂池滑雪场,,Hakuba,白马,Chubu,中部,ski,滑雪,2,SK002 SK005,,https://selfguidejapan.com/tours/SK002 https://selfguidejapan.com/tours/SK005,selfguidejapan.com
Hakuba Misorano (Happo-one area) ski,白马八方尾根滑雪区,,Hakuba,白马,Chubu,中部,ski,滑雪,1,SK102,,https://selfguidejapan.com/tours/SK102,selfguidejapan.com
Hakuba Wadano ski area,白马和田野滑雪场,,Hakuba,白马,Chubu,中部,ski,滑雪,1,SK205,,https://selfguidejapan.com/tours/SK205,selfguidejapan.com
Inuyama Castle,犬山城,,Inuyama,犬山,Chubu,中部,castle,城堡/武家,2,FG002 FG003,,https://selfguidejapan.com/tours/FG002 https://selfguidejapan.com/tours/FG003,selfguidejapan.com
Ise Grand Shrine (Ise Jingu),伊势神宫,,Ise,伊势,Chubu,中部,shrine,神社,7,FG005 GR001 GR007 KM001 KM002 NT008 NT009,,https://selfguidejapan.com/tours/FG005 https://selfguidejapan.com/tours/GR001 https://selfguidejapan.com/tours/GR007,selfguidejapan.com
Ise Jingu,伊势神宫,伊勢神宮,Ise,伊势,Chubu,中部,shrine,神社,3,GR001 LX001 SL007,"Japan's most sacred Shinto shrine, visited from the Ise-Shima base.",https://selfguidejapan.com/tours/GR001 https://selfguidejapan.com/tours/LX001 https://selfguidejapan.com/tours/SL007,selfguidejapan.com
Futamiura Wedded Rocks (Meoto Iwa),二见浦夫妇岩,,Ise,伊势,Chubu,中部,,,1,FG005,,https://selfguidejapan.com/tours/FG005,selfguidejapan.com
Ise Jingu Geku (Outer Shrine),伊势神宫外宫,,Ise,伊势,Chubu,中部,shrine,神社,1,LX001,,https://selfguidejapan.com/tours/LX001,selfguidejapan.com
Ise Jingu Naiku (Inner Shrine),伊势神宫内宫,,Ise,伊势,Chubu,中部,shrine,神社,1,LX001,,https://selfguidejapan.com/tours/LX001,selfguidejapan.com
Okage Yokocho,托福横丁,,Ise,伊势,Chubu,中部,market,市场/美食,1,NT009,,https://selfguidejapan.com/tours/NT009,selfguidejapan.com
Uji Bridge,宇治桥,,Ise,伊势,Chubu,中部,district,街区/城镇,1,GR001,,https://selfguidejapan.com/tours/GR001,selfguidejapan.com
Wedded Rocks (Meoto Iwa),夫妇岩,,Ise,伊势,Chubu,中部,,,1,LX001,,https://selfguidejapan.com/tours/LX001,selfguidejapan.com
Ago Bay,英虞湾,,Kashikojima,贤岛,Chubu,中部,nature,自然景观,7,GR001 GR007 KM001 KM002 LX001 SL001 SL007,,https://selfguidejapan.com/tours/GR001 https://selfguidejapan.com/tours/GR007 https://selfguidejapan.com/tours/KM001,selfguidejapan.com
Ago Bay cruise,英虞湾游船,英虞湾,Kashikojima (Ise-Shima),贤岛,Chubu,中部,nature,自然景观,4,GR101 KM001 SL001 SL007,Bay cruise among 60+ small islands.,https://selfguidejapan.com/tours/GR101 https://selfguidejapan.com/tours/KM001 https://selfguidejapan.com/tours/SL001,selfguidejapan.com
Coastal viewpoints,海岸观景点,,Kashikojima (Ise-Shima),贤岛,Chubu,中部,viewpoint,观景,0,,Coastal viewpoints around Ise-Shima.,https://selfguidejapan.com/destinations,selfguidejapan.com
Ryokan stay,日式旅馆住宿,旅館,Kashikojima (Ise-Shima),贤岛,Chubu,中部,experience,体验/活动,0,,Ryokan stays listed among things to do.,https://selfguidejapan.com/destinations,selfguidejapan.com
Shimakaze train,观光特急 Shimakaze,しまかぜ,Kashikojima (Ise-Shima),贤岛,Chubu,中部,transport_experience,观光交通,0,,"Kintetsu luxury sightseeing limited express from Osaka-Namba, Kyoto and Kintetsu Nagoya to Kashikojima.",https://selfguidejapan.com/blog/shimakaze-train,selfguidejapan.com
Shimakaze sightseeing limited express,观光特急 Shimakaze,,Kashikojima-Kyoto,贤岛,Chubu,中部,,,1,LX001,,https://selfguidejapan.com/tours/LX001,selfguidejapan.com
Kamikochi,上高地,,Matsumoto,松本,Chubu,中部,,,2,NT004 NT104,,https://selfguidejapan.com/tours/NT004 https://selfguidejapan.com/tours/NT104,selfguidejapan.com
Matsumoto Castle,松本城,,Matsumoto,松本,Chubu,中部,castle,城堡/武家,2,NT005 NT105,,https://selfguidejapan.com/tours/NT005 https://selfguidejapan.com/tours/NT105,selfguidejapan.com
Matsumoto,松本,,Matsumoto,松本,Chubu,中部,,,1,NT004,,https://selfguidejapan.com/tours/NT004,selfguidejapan.com
Utsukushigahara,美原高原,,Matsumoto,松本,Chubu,中部,,,1,NT004,,https://selfguidejapan.com/tours/NT004,selfguidejapan.com
Wadakin (Matsusaka wagyu),和田金（松阪牛）,,Matsusaka,松阪,Chubu,中部,market,市场/美食,1,LX001,,https://selfguidejapan.com/tours/LX001,selfguidejapan.com
Animation-world park at Ai-Chikyuhaku Kinen Koen,吉卜力公园（爱·地球博纪念公园）,,Nagakute (Nagoya area),长久手,Chubu,中部,nature,自然景观,1,TP004,,https://selfguidejapan.com/tours/TP004,selfguidejapan.com
Ghibli Park (inferred),吉卜力公园,ジブリパーク,Nagakute/Nagoya,长久手,Chubu,中部,theme_park,主题乐园,1,FG004,Listed as 'Ghibli' for a second day.,https://selfguidejapan.com/tours/FG004 https://selfguidejapan.com/blog/things-to-do-in-nagoya,selfguidejapan.com
Animation-themed park at Ai-Chikyuhaku Kinen Koen (Expo 2005 Commemorative Park),吉卜力公园（爱·地球博纪念公园）,,Nagoya,名古屋,Chubu,中部,nature,自然景观,1,TP004,,https://selfguidejapan.com/tours/TP004,selfguidejapan.com
Brick theme park popular with children,积木主题乐园（名古屋乐高乐园）,,Nagoya,名古屋,Chubu,中部,theme_park,主题乐园,1,TP004,,https://selfguidejapan.com/tours/TP004,selfguidejapan.com
Brick-toy theme park at Nagoya Port,名古屋乐高乐园（名古屋港）,,Nagoya,名古屋,Chubu,中部,theme_park,主题乐园,1,TP004,,https://selfguidejapan.com/tours/TP004,selfguidejapan.com
"Brick-toy theme park, Nagoya Port",名古屋乐高乐园（名古屋港）,,Nagoya,名古屋,Chubu,中部,theme_park,主题乐园,1,TP004,,https://selfguidejapan.com/tours/TP004,selfguidejapan.com
LEGOLAND Japan (inferred),日本乐高乐园,,Nagoya,名古屋,Chubu,中部,theme_park,主题乐园,1,FG004,,https://selfguidejapan.com/tours/FG004,selfguidejapan.com
Nagoya Castle,名古屋城,,Nagoya,名古屋,Chubu,中部,castle,城堡/武家,1,TP004,,https://selfguidejapan.com/tours/TP004,selfguidejapan.com
Noritake Forest,则武之森,,Nagoya,名古屋,Chubu,中部,nature,自然景观,1,TP004,,https://selfguidejapan.com/tours/TP004,selfguidejapan.com
Osu Shopping District,大须商店街,大須,Nagoya,名古屋,Chubu,中部,district,街区/城镇,1,TP004,Shopping and temple district.,https://selfguidejapan.com/tours/TP004 https://selfguidejapan.com/blog/things-to-do-in-nagoya,selfguidejapan.com
SCMAGLEV and Railway Park,磁浮铁道馆,,Nagoya,名古屋,Chubu,中部,nature,自然景观,1,TP004,,https://selfguidejapan.com/tours/TP004,selfguidejapan.com
Atsuta Jingu,热田神宫,熱田神宮,Nagoya,名古屋,Chubu,中部,shrine,神社,0,,One of Japan's most important shrines; enshrines the Kusanagi sword of the imperial regalia; camphor-forest grounds.,https://selfguidejapan.com/blog/things-to-do-in-nagoya,selfguidejapan.com
Inuyama,犬山,犬山,Nagoya,名古屋,Chubu,中部,castle,城堡/武家,0,,Castle town listed as a second-day option.,https://selfguidejapan.com/blog/things-to-do-in-nagoya,selfguidejapan.com
Nabana no Sato illumination,名花之里灯光秀,なばなの里,Nagoya,名古屋,Chubu,中部,theme_park,主题乐园,0,,Winter illumination reachable from Nagoya; separate blog on dates and tickets.,https://selfguidejapan.com/blog/nabana-no-sato,selfguidejapan.com
Nagoya Castle and Hommaru Palace,名古屋城与本丸御殿,名古屋城 本丸御殿,Nagoya,名古屋,Chubu,中部,castle,城堡/武家,0,,Castle with the rebuilt Hommaru Palace.,https://selfguidejapan.com/blog/things-to-do-in-nagoya,selfguidejapan.com
Nagoya meshi,名古屋美食,名古屋めし,Nagoya,名古屋,Chubu,中部,food,美食,0,,"Local cuisine: miso katsu, hitsumabushi, tebasaki.",https://selfguidejapan.com/blog/things-to-do-in-nagoya,selfguidejapan.com
Tokugawa collection (Tokugawa Art Museum),德川美术馆,徳川美術館,Nagoya,名古屋,Chubu,中部,museum,博物馆/美术馆,0,,Listed as 'the Tokugawa collection'.,https://selfguidejapan.com/blog/things-to-do-in-nagoya,selfguidejapan.com
Toyota site,丰田产业技术纪念馆,,Nagoya,名古屋,Chubu,中部,museum,博物馆/美术馆,0,,'The Toyota site' listed for a second day.,https://selfguidejapan.com/blog/things-to-do-in-nagoya,selfguidejapan.com
New park themed on Japan's iconic animated films,吉卜力公园,,Nagoya (area),名古屋,Chubu,中部,nature,自然景观,1,TP004,,https://selfguidejapan.com/tours/TP004,selfguidejapan.com
Shinhotaka,新穗高缆车,,Okuhida,奥飞驒温泉乡,Chubu,中部,,,1,NT004,,https://selfguidejapan.com/tours/NT004,selfguidejapan.com
Tsugaike Kogen ski area (Hakuba),栂池高原滑雪场（白马）,,Otari / Hakuba,白马,Chubu,中部,ski,滑雪,1,SK005,,https://selfguidejapan.com/tours/SK005,selfguidejapan.com
Shirakawa-go (optional),白川乡,,Shirakawa-go,白川乡,Chubu,中部,,,20,BF003 FG002 FG003 GR002 GR003 GR009 GR010 GR102 HS001 HS002 KA002 KM002 KM003 NT004 NT104 SL003 SL004 SL103 TP001 TP003,,https://selfguidejapan.com/tours/BF003 https://selfguidejapan.com/tours/FG002 https://selfguidejapan.com/tours/FG003,selfguidejapan.com
Shirakawa-go gassho villages,白川乡合掌村,,Shirakawa-go,白川乡,Chubu,中部,district,街区/城镇,1,KM001,,https://selfguidejapan.com/tours/KM001,selfguidejapan.com
Wada House,和田家,,Shirakawa-go,白川乡,Chubu,中部,,,1,FG002,,https://selfguidejapan.com/tours/FG002,selfguidejapan.com
Shirakawa-go gassho-zukuri village,白川乡合掌造村落,白川郷,Shirakawa-go (from Takayama),白川乡,Chubu,中部,district,街区/城镇,1,SL003,UNESCO farmhouse village visited as a day trip from Takayama.,https://selfguidejapan.com/tours/SL003 https://selfguidejapan.com/blog/takayama,selfguidejapan.com
Shirakawago,白川乡,,Shirakawa-go (listed in page description; presumably from Takayama),白川乡,Chubu,中部,,,1,TP101,,https://selfguidejapan.com/tours/TP101,selfguidejapan.com
Takayama Old Town (Sanmachi),高山老街,古い町並,Takayama,高山,Chubu,中部,district,街区/城镇,9,BF003 FG002 FG003 GR002 GR009 GR010 KA002 SL004 SL103,Preserved merchant houses in the Hida old town.,https://selfguidejapan.com/tours/BF003 https://selfguidejapan.com/tours/FG002 https://selfguidejapan.com/tours/FG003,selfguidejapan.com
Takayama,高山,,Takayama,高山,Chubu,中部,,,4,HS001 KM003 NT004 TP003,,https://selfguidejapan.com/tours/HS001 https://selfguidejapan.com/tours/KM003 https://selfguidejapan.com/tours/NT004,selfguidejapan.com
Takayama Jinya,高山阵屋,高山陣屋,Takayama,高山,Chubu,中部,museum,博物馆/美术馆,2,FG002 SL003,Historic Edo-period government house.,https://selfguidejapan.com/tours/FG002 https://selfguidejapan.com/tours/SL003 https://selfguidejapan.com/blog/takayama,selfguidejapan.com
Hida no Sato,飞驒之里,,Takayama,高山,Chubu,中部,,,1,FG002,,https://selfguidejapan.com/tours/FG002,selfguidejapan.com
Hida-Takayama old town,飞驒高山老街,,Takayama,高山,Chubu,中部,district,街区/城镇,1,HS002,,https://selfguidejapan.com/tours/HS002,selfguidejapan.com
Sanmachi Street (Old Town),三町筋老街,,Takayama,高山,Chubu,中部,district,街区/城镇,1,SL003,,https://selfguidejapan.com/tours/SL003,selfguidejapan.com
Shirakawa-go Observatory (Ogimachi Castle viewpoint),荻町城迹展望台,,Takayama,高山,Chubu,中部,castle,城堡/武家,1,FG002,,https://selfguidejapan.com/tours/FG002,selfguidejapan.com
Festival floats exhibition hall,高山祭屋台会馆,高山祭屋台会館,Takayama,高山,Chubu,中部,museum,博物馆/美术馆,0,,Hall exhibiting the festival floats.,https://selfguidejapan.com/blog/takayama,selfguidejapan.com
Hida Folk Village,飞驒之里,飛騨の里,Takayama,高山,Chubu,中部,museum,博物馆/美术馆,0,,Open-air village of relocated Hida farmhouses.,https://selfguidejapan.com/blog/takayama,selfguidejapan.com
Shirakawa-go day trip,白川乡一日游,白川郷,Takayama,高山,Chubu,中部,district,街区/城镇,0,,Gassho-zukuri village 50 minutes away by bus or chartered taxi.,https://selfguidejapan.com/blog/takayama,selfguidejapan.com
Takayama Festival,高山祭,高山祭,Takayama,高山,Chubu,中部,experience,体验/活动,0,,Spring festival April 14-15 and autumn festival October 9-10.,https://selfguidejapan.com/blog/takayama,selfguidejapan.com
Takayama morning markets,高山朝市,高山の朝市,Takayama,高山,Chubu,中部,market,市场/美食,0,,Two morning markets that have run for centuries.,https://selfguidejapan.com/blog/takayama,selfguidejapan.com
Ama hut,海女小屋,,Toba,鸟羽,Chubu,中部,,,3,GR001 LX001 SL001,,https://selfguidejapan.com/tours/GR001 https://selfguidejapan.com/tours/LX001 https://selfguidejapan.com/tours/SL001,selfguidejapan.com
Mikimoto Pearl Island,御木本真珠岛,ミキモト真珠島,Toba,鸟羽,Chubu,中部,museum,博物馆/美术馆,2,GR001 LX001,"Birthplace of cultured pearls, in Toba.",https://selfguidejapan.com/tours/GR001 https://selfguidejapan.com/tours/LX001 https://selfguidejapan.com/destinations,selfguidejapan.com
Toba,鸟羽,鳥羽,Toba,鸟羽,Chubu,中部,district,街区/城镇,1,NT009,Neighbouring port town reachable from Kashikojima.,https://selfguidejapan.com/tours/NT009 https://selfguidejapan.com/destinations,selfguidejapan.com
Ama hut (pearl-diver hut) lunch,海女小屋午餐,,Toba / Ise-Shima,鸟羽,Chubu,中部,market,市场/美食,3,GR001 GR101 NT008,,https://selfguidejapan.com/tours/GR001 https://selfguidejapan.com/tours/GR101 https://selfguidejapan.com/tours/NT008,selfguidejapan.com
Ama hut seafood lunch,海女小屋海鲜午餐,,Toba / Ise-Shima,鸟羽,Chubu,中部,market,市场/美食,1,SL001,,https://selfguidejapan.com/tours/SL001,selfguidejapan.com
Jigokudani Monkey Park,地狱谷野猿公苑,,Yamanouchi,山之内（汤田中/涩温泉）,Chubu,中部,onsen,温泉,3,SK005 SK006 SK205,,https://selfguidejapan.com/tours/SK005 https://selfguidejapan.com/tours/SK006 https://selfguidejapan.com/tours/SK205,selfguidejapan.com
Shiga Kogen ski area,志贺高原滑雪场,,Yamanouchi,山之内（汤田中/涩温泉）,Chubu,中部,ski,滑雪,2,SK004 SK006,,https://selfguidejapan.com/tours/SK004 https://selfguidejapan.com/tours/SK006,selfguidejapan.com
Yudanaka Onsen,汤田中温泉,,Yamanouchi,山之内（汤田中/涩温泉）,Chubu,中部,onsen,温泉,2,SK005 SK006,,https://selfguidejapan.com/tours/SK005 https://selfguidejapan.com/tours/SK006,selfguidejapan.com
Tomonoura,鞆之浦,,Fukuyama (Tomonoura),福山,Chugoku,中国地方,,,1,SE002,,https://selfguidejapan.com/tours/SE002,selfguidejapan.com
Tomonoura historic port,鞆之浦历史港町,,Fukuyama (Tomonoura),福山,Chugoku,中国地方,district,街区/城镇,1,SE003,,https://selfguidejapan.com/tours/SE003,selfguidejapan.com
Hiroshima Peace Memorial Park,广岛和平纪念公园,,Hiroshima,广岛,Chugoku,中国地方,nature,自然景观,8,BF004 BF005 GR004 GR005 GR010 KM002 LX003 SE003,,https://selfguidejapan.com/tours/BF004 https://selfguidejapan.com/tours/BF005 https://selfguidejapan.com/tours/GR004,selfguidejapan.com
Miyajima / Itsukushima Shrine,宫岛·严岛神社,,Hiroshima,广岛,Chugoku,中国地方,shrine,神社,6,GR005 GR009 KM002 LX003 SE003 SL005,,https://selfguidejapan.com/tours/GR005 https://selfguidejapan.com/tours/GR009 https://selfguidejapan.com/tours/KM002,selfguidejapan.com
Hiroshima,广岛,,Hiroshima,广岛,Chugoku,中国地方,,,3,HS001 SL004 SL005,,https://selfguidejapan.com/tours/HS001 https://selfguidejapan.com/tours/SL004 https://selfguidejapan.com/tours/SL005,selfguidejapan.com
Atomic Bomb Dome,原爆圆顶,,Hiroshima,广岛,Chugoku,中国地方,,,1,LX003,,https://selfguidejapan.com/tours/LX003,selfguidejapan.com
Hiroshima Peace Memorial area,广岛和平纪念公园,,Hiroshima,广岛,Chugoku,中国地方,district,街区/城镇,1,SE003,,https://selfguidejapan.com/tours/SE003,selfguidejapan.com
Hiroshima city (by streetcar),广岛市区（路面电车）,,Hiroshima,广岛,Chugoku,中国地方,district,街区/城镇,1,SE003,,https://selfguidejapan.com/tours/SE003,selfguidejapan.com
Peace Memorial Park,广岛和平纪念公园,,Hiroshima,广岛,Chugoku,中国地方,nature,自然景观,1,LX003,,https://selfguidejapan.com/tours/LX003,selfguidejapan.com
Hiroshima Castle,广岛城,広島城,Hiroshima,广岛,Chugoku,中国地方,castle,城堡/武家,0,,Listed in the things-to-do blog title alongside the Peace Park.,https://selfguidejapan.com/blog/things-to-do-in-hiroshima,selfguidejapan.com
Hiroshima-style okonomiyaki,广岛烧,広島風お好み焼き,Hiroshima,广岛,Chugoku,中国地方,food,美食,0,,"Layered-noodle okonomiyaki, called some of Japan's best.",https://selfguidejapan.com/destinations/hiroshima,selfguidejapan.com
Momijidani (Maple Valley),红叶谷公园,紅葉谷,Hiroshima,广岛,Chugoku,中国地方,nature,自然景观,0,,"Miyajima's maple valley, brilliant red in Oct-Nov.",https://selfguidejapan.com/destinations/hiroshima,selfguidejapan.com
Peace Boulevard,和平大道,平和大通り,Hiroshima,广岛,Chugoku,中国地方,viewpoint,观景,0,,Cherry blossoms late March to mid April.,https://selfguidejapan.com/destinations/hiroshima,selfguidejapan.com
Peace Memorial Park and Museum,广岛和平纪念公园与资料馆,平和記念公園,Hiroshima,广岛,Chugoku,中国地方,museum,博物馆/美术馆,0,,Described as one of the most powerful experiences in Japan.,https://selfguidejapan.com/destinations/hiroshima,selfguidejapan.com
Miyajima Island,宫岛,宮島,Hiroshima (Hatsukaichi),广岛,Chugoku,中国地方,nature,自然景观,2,BF004 BF005,Shrine island reached from Hiroshima.,https://selfguidejapan.com/tours/BF004 https://selfguidejapan.com/tours/BF005 https://selfguidejapan.com/blog/hiroshima-miyajima,selfguidejapan.com
Izumo Taisha (implied by title; not named in summary),出云大社（据标题推断）,,Izumo,出云,Chugoku,中国地方,shrine,神社,1,SE005,,https://selfguidejapan.com/tours/SE005,selfguidejapan.com
Kurashiki Bikan historic quarter (implied by stay; not named in summary),仓敷美观地区（据住宿推断）,,Kurashiki,仓敷,Chugoku,中国地方,experience,体验/活动,1,SE005,,https://selfguidejapan.com/tours/SE005,selfguidejapan.com
Ohara Museum of Art,大原美术馆,,Kurashiki,仓敷,Chugoku,中国地方,museum,博物馆/美术馆,1,SL004,,https://selfguidejapan.com/tours/SL004,selfguidejapan.com
Tamatsukuri Onsen,玉造温泉,,Matsue,松江,Chugoku,中国地方,onsen,温泉,1,SE005,,https://selfguidejapan.com/tours/SE005,selfguidejapan.com
Miyajima (Itsukushima Shrine),宫岛,,Miyajima,宫岛,Chugoku,中国地方,shrine,神社,14,BF004 BF005 FG001 FG003 GR004 GR005 GR007 GR009 KA003 LX003 SE003 SL004 SL005 SL007,,https://selfguidejapan.com/tours/BF004 https://selfguidejapan.com/tours/BF005 https://selfguidejapan.com/tours/FG001,selfguidejapan.com
Itsukushima Shrine (Miyajima),严岛神社,厳島神社,Miyajima,宫岛,Chugoku,中国地方,shrine,神社,4,GR010 LX003 SL004 SL005,Home of the iconic 'floating' torii gate.,https://selfguidejapan.com/tours/GR010 https://selfguidejapan.com/tours/LX003 https://selfguidejapan.com/tours/SL004,selfguidejapan.com
Miyajima / Itsukushima floating shrine,宫岛·严岛神社海上鸟居,,Miyajima,宫岛,Chugoku,中国地方,shrine,神社,2,KM002 SE003,,https://selfguidejapan.com/tours/KM002 https://selfguidejapan.com/tours/SE003,selfguidejapan.com
Kurashiki Bikan Historical Quarter,仓敷美观地区,,Okayama,冈山,Chugoku,中国地方,district,街区/城镇,3,GR005 SL004 SL005,,https://selfguidejapan.com/tours/GR005 https://selfguidejapan.com/tours/SL004 https://selfguidejapan.com/tours/SL005,selfguidejapan.com
Korakuen Garden,后乐园,,Okayama,冈山,Chugoku,中国地方,garden,庭园,2,GR010 SL004,,https://selfguidejapan.com/tours/GR010 https://selfguidejapan.com/tours/SL004,selfguidejapan.com
Himeji (Himeji Castle area),姬路城,,Okayama,冈山,Chugoku,中国地方,castle,城堡/武家,1,SL007,,https://selfguidejapan.com/tours/SL007,selfguidejapan.com
Kurashiki,仓敷,,Okayama,冈山,Chugoku,中国地方,,,1,SL005,,https://selfguidejapan.com/tours/SL005,selfguidejapan.com
Okayama,冈山,,Okayama,冈山,Chugoku,中国地方,,,1,SL005,,https://selfguidejapan.com/tours/SL005,selfguidejapan.com
Okayama Castle,冈山城,,Okayama,冈山,Chugoku,中国地方,castle,城堡/武家,1,SL004,,https://selfguidejapan.com/tours/SL004,selfguidejapan.com
Setouchi Islands,濑户内诸岛,,Okayama,冈山,Chugoku,中国地方,nature,自然景观,1,SL005,,https://selfguidejapan.com/tours/SL005,selfguidejapan.com
Onomichi,尾道,,Onomichi,尾道,Chugoku,中国地方,,,1,SE002,,https://selfguidejapan.com/tours/SE002,selfguidejapan.com
Onomichi hillside streets,尾道坡道老街,,Onomichi,尾道,Chugoku,中国地方,district,街区/城镇,1,SE003,,https://selfguidejapan.com/tours/SE003,selfguidejapan.com
Onomichi hillside streets and temples,尾道坡道与寺庙,,Onomichi,尾道,Chugoku,中国地方,temple,寺院,1,SE003,,https://selfguidejapan.com/tours/SE003,selfguidejapan.com
Onomichi retro buildings,尾道复古建筑,,Onomichi,尾道,Chugoku,中国地方,,,1,SE003,,https://selfguidejapan.com/tours/SE003,selfguidejapan.com
Onomichi sloping streets,尾道坡道,,Onomichi,尾道,Chugoku,中国地方,district,街区/城镇,1,SE003,,https://selfguidejapan.com/tours/SE003,selfguidejapan.com
Onomichi temples,尾道寺庙,,Onomichi,尾道,Chugoku,中国地方,temple,寺院,1,SE003,,https://selfguidejapan.com/tours/SE003,selfguidejapan.com
Ikuchijima Island,生口岛,,Tomonoura,鞆之浦,Chugoku,中国地方,nature,自然景观,1,SE003,,https://selfguidejapan.com/tours/SE003,selfguidejapan.com
Shiomachi Shopping Street,濑户田汐町商店街,,Tomonoura,鞆之浦,Chugoku,中国地方,market,市场/美食,1,SE003,,https://selfguidejapan.com/tours/SE003,selfguidejapan.com
Lake Akan,阿寒湖,,Akan,阿寒湖,Hokkaido,北海道,nature,自然景观,1,HD001,,https://selfguidejapan.com/tours/HD001,selfguidejapan.com
Asahiyama Zoo,旭山动物园,,Asahikawa,旭川,Hokkaido,北海道,nature,自然景观,1,HD001,,https://selfguidejapan.com/tours/HD001,selfguidejapan.com
Kamui Ski Links,神居滑雪场,,Asahikawa,旭川,Hokkaido,北海道,ski,滑雪,1,HK003,,https://selfguidejapan.com/tours/HK003,selfguidejapan.com
Bihoro Pass,美幌峠,,Bihoro,美幌,Hokkaido,北海道,,,1,HD001,,https://selfguidejapan.com/tours/HD001,selfguidejapan.com
Furano Ski Resort,富良野滑雪场,,Furano,富良野,Hokkaido,北海道,ski,滑雪,3,HK004 HK006 HK007,,https://selfguidejapan.com/tours/HK004 https://selfguidejapan.com/tours/HK006 https://selfguidejapan.com/tours/HK007,selfguidejapan.com
Hachiman-zaka slope,八幡坂,,Hakodate,函馆,Hokkaido,北海道,district,街区/城镇,1,HD002,,https://selfguidejapan.com/tours/HD002,selfguidejapan.com
Hakodate,函馆,,Hakodate,函馆,Hokkaido,北海道,,,1,HD002,,https://selfguidejapan.com/tours/HD002,selfguidejapan.com
Hakodate Morning Market,函馆朝市,,Hakodate,函馆,Hokkaido,北海道,market,市场/美食,1,HD002,,https://selfguidejapan.com/tours/HD002,selfguidejapan.com
Mount Hakodate night view,函馆山夜景,,Hakodate,函馆,Hokkaido,北海道,nature,自然景观,1,HD002,,https://selfguidejapan.com/tours/HD002,selfguidejapan.com
Nayoro Piyashiri Ski Area,名寄 Piyashiri 滑雪场,,Nayoro,名寄,Hokkaido,北海道,ski,滑雪,1,HK003,,https://selfguidejapan.com/tours/HK003,selfguidejapan.com
Noboribetsu Hell Valley,登别地狱谷,,Noboribetsu,登别温泉,Hokkaido,北海道,onsen,温泉,1,HD002,,https://selfguidejapan.com/tours/HD002,selfguidejapan.com
Noboribetsu Jigokudani (Hell Valley),登别地狱谷,,Noboribetsu,登别温泉,Hokkaido,北海道,onsen,温泉,1,HD002,,https://selfguidejapan.com/tours/HD002,selfguidejapan.com
Noboribetsu Onsen,登别温泉,,Noboribetsu,登别温泉,Hokkaido,北海道,onsen,温泉,1,HK008,,https://selfguidejapan.com/tours/HK008,selfguidejapan.com
Otaru,小樽,,Otaru,小樽,Hokkaido,北海道,,,1,HD002,,https://selfguidejapan.com/tours/HD002,selfguidejapan.com
Otaru Canal,小樽运河,,Otaru,小樽,Hokkaido,北海道,district,街区/城镇,1,HD002,,https://selfguidejapan.com/tours/HD002,selfguidejapan.com
Pippu Ski Area,比布滑雪场,,Pippu,比布,Hokkaido,北海道,ski,滑雪,1,HK003,,https://selfguidejapan.com/tours/HK003,selfguidejapan.com
Rusutsu Resort ski area,留寿都度假村滑雪场,,Rusutsu,留寿都,Hokkaido,北海道,ski,滑雪,4,HK005 HK006 HK007 HK008,,https://selfguidejapan.com/tours/HK005 https://selfguidejapan.com/tours/HK006 https://selfguidejapan.com/tours/HK007,selfguidejapan.com
Jozankei Onsen,定山溪温泉,,Sapporo (Jozankei),札幌,Hokkaido,北海道,onsen,温泉,1,HK006,,https://selfguidejapan.com/tours/HK006,selfguidejapan.com
Shiretoko,知床,,Shiretoko,知床,Hokkaido,北海道,,,1,HD001,,https://selfguidejapan.com/tours/HD001,selfguidejapan.com
Kurodake Ropeway,黑岳缆车,,Sounkyo,层云峡,Hokkaido,北海道,transport_experience,观光交通,1,HD001,,https://selfguidejapan.com/tours/HD001,selfguidejapan.com
Sounkyo Gorge,层云峡,,Sounkyo,层云峡,Hokkaido,北海道,nature,自然景观,1,HD001,,https://selfguidejapan.com/tours/HD001,selfguidejapan.com
Lake Kussharo,屈斜路湖,,Teshikaga,弟子屈,Hokkaido,北海道,nature,自然景观,1,HD001,,https://selfguidejapan.com/tours/HD001,selfguidejapan.com
Lake Toya,洞爷湖,,Toyako,洞爷湖,Hokkaido,北海道,nature,自然景观,1,HD002,,https://selfguidejapan.com/tours/HD002,selfguidejapan.com
Kenroku-en Garden,兼六园,,Kanazawa,金泽,Hokuriku,北陆,garden,庭园,5,BF002 GR003 GR005 GR006 SL103,,https://selfguidejapan.com/tours/BF002 https://selfguidejapan.com/tours/GR003 https://selfguidejapan.com/tours/GR005,selfguidejapan.com
Kanazawa,金泽,,Kanazawa,金泽,Hokuriku,北陆,,,3,LX001 NT005 NT105,,https://selfguidejapan.com/tours/LX001 https://selfguidejapan.com/tours/NT005 https://selfguidejapan.com/tours/NT105,selfguidejapan.com
Kenrokuen Garden,兼六园,兼六園,Kanazawa,金泽,Hokuriku,北陆,garden,庭园,3,GR003 GR006 SL005,The city's landmark garden.,https://selfguidejapan.com/tours/GR003 https://selfguidejapan.com/tours/GR006 https://selfguidejapan.com/tours/SL005,selfguidejapan.com
21st Century Museum of Contemporary Art,金泽 21 世纪美术馆,金沢21世紀美術館,Kanazawa,金泽,Hokuriku,北陆,museum,博物馆/美术馆,2,BF002 GR003,Contemporary art museum.,https://selfguidejapan.com/tours/BF002 https://selfguidejapan.com/tours/GR003 https://selfguidejapan.com/blog/things-to-do-in-kanazawa,selfguidejapan.com
Kanazawa Castle Park,金泽城公园,金沢城公園,Kanazawa,金泽,Hokuriku,北陆,castle,城堡/武家,2,BF002 GR003,Castle park next door to Kenrokuen.,https://selfguidejapan.com/tours/BF002 https://selfguidejapan.com/tours/GR003 https://selfguidejapan.com/blog/things-to-do-in-kanazawa,selfguidejapan.com
"Geisha districts (Higashi Chaya etc., per page summary 'geisha districts')",茶屋街（东茶屋街等）,,Kanazawa,金泽,Hokuriku,北陆,district,街区/城镇,1,BF002,,https://selfguidejapan.com/tours/BF002,selfguidejapan.com
Higashi Chaya District,东茶屋街,ひがし茶屋街,Kanazawa,金泽,Hokuriku,北陆,district,街区/城镇,1,GR003,Geisha teahouse district.,https://selfguidejapan.com/tours/GR003 https://selfguidejapan.com/blog/things-to-do-in-kanazawa,selfguidejapan.com
Kanazawa Castle,金泽城,,Kanazawa,金泽,Hokuriku,北陆,castle,城堡/武家,1,GR003,,https://selfguidejapan.com/tours/GR003,selfguidejapan.com
Kenroku-en (pass 1),兼六园,,Kanazawa,金泽,Hokuriku,北陆,garden,庭园,1,SL005,,https://selfguidejapan.com/tours/SL005,selfguidejapan.com
Nagamachi Samurai District,长町武家屋敷,長町武家屋敷跡,Kanazawa,金泽,Hokuriku,北陆,district,街区/城镇,1,SL103,Preserved samurai residences and earthen walls.,https://selfguidejapan.com/tours/SL103 https://selfguidejapan.com/blog/things-to-do-in-kanazawa,selfguidejapan.com
Omicho Market,近江町市场,近江町市場,Kanazawa,金泽,Hokuriku,北陆,market,市场/美食,1,GR003,"Seafood market, recommended for breakfast.",https://selfguidejapan.com/tours/GR003 https://selfguidejapan.com/blog/things-to-do-in-kanazawa,selfguidejapan.com
Myoryuji (Ninja Temple),妙立寺（忍者寺）,妙立寺,Kanazawa,金泽,Hokuriku,北陆,temple,寺院,0,,Temple known as the 'Ninja Temple'.,https://selfguidejapan.com/blog/things-to-do-in-kanazawa,selfguidejapan.com
Tateyama Kurobe Alpine Route,立山黑部阿尔卑斯路线,,Tateyama,立山,Hokuriku,北陆,nature,自然景观,2,NT004 NT005,,https://selfguidejapan.com/tours/NT004 https://selfguidejapan.com/tours/NT005,selfguidejapan.com
Yuki-no-Otani snow corridor,雪之大谷,,Tateyama,立山,Hokuriku,北陆,ski,滑雪,2,NT104 NT105,,https://selfguidejapan.com/tours/NT104 https://selfguidejapan.com/tours/NT105,selfguidejapan.com
"Amanohashidate sandbar (3.6 km pine-lined path, one of Japan's Three Great Views)",天桥立（日本三景）,,Amanohashidate,天桥立,Kansai,关西,viewpoint,观景,1,KM004,,https://selfguidejapan.com/tours/KM004,selfguidejapan.com
Takami-no-Sato,高见之乡（枝垂樱）,,Higashiyoshino/Nara Prefecture,奈良,Kansai,关西,,,1,KR003,,https://selfguidejapan.com/tours/KR003,selfguidejapan.com
Hikone Castle,彦根城,,Hikone,彦根,Kansai,关西,castle,城堡/武家,1,LX002,,https://selfguidejapan.com/tours/LX002,selfguidejapan.com
Himeji Castle,姬路城,,Himeji,姬路,Kansai,关西,castle,城堡/武家,15,BF004 BF005 FG003 GR004 GR005 GR007 GR010 HS001 KA003 KM002 KM004 SE001 SE005 SL004 SL005,,https://selfguidejapan.com/tours/BF004 https://selfguidejapan.com/tours/BF005 https://selfguidejapan.com/tours/FG003,selfguidejapan.com
Himeji Castle area,姬路城,,Himeji,姬路,Kansai,关西,castle,城堡/武家,1,SL007,,https://selfguidejapan.com/tours/SL007,selfguidejapan.com
Samurai residences and Japanese gardens near Himeji Castle,姬路城旁武家屋敷与庭园（好古园）,,Himeji,姬路,Kansai,关西,castle,城堡/武家,1,SL005,,https://selfguidejapan.com/tours/SL005,selfguidejapan.com
Kumano Kodo,熊野古道,,Hongu,熊野本宫,Kansai,关西,experience,体验/活动,4,NT-?SACRED NT002 NT006 NT007,,https://selfguidejapan.com/tours/NT002 https://selfguidejapan.com/tours/NT006 https://selfguidejapan.com/tours/NT007,selfguidejapan.com
Hosshinmon-oji – Kumano Hongu Taisha walk,发心门王子→熊野本宫大社徒步段,,Hongu,熊野本宫,Kansai,关西,shrine,神社,1,NT008,,https://selfguidejapan.com/tours/NT008,selfguidejapan.com
Kawayu Onsen,川汤温泉,,Hongu,熊野本宫,Kansai,关西,onsen,温泉,1,NT006,,https://selfguidejapan.com/tours/NT006,selfguidejapan.com
Kinosaki Onsen,城崎温泉,,Kinosaki Onsen,城崎温泉,Kansai,关西,onsen,温泉,1,HS002,,https://selfguidejapan.com/tours/HS002,selfguidejapan.com
Kinosaki Onsen bathhouses,城崎温泉外汤,,Kinosaki Onsen,城崎温泉,Kansai,关西,onsen,温泉,1,HS003,,https://selfguidejapan.com/tours/HS003,selfguidejapan.com
"Kinosaki Onsen hot-spring town (wooden inns, willow-lined canal)",城崎温泉,,Kinosaki Onsen,城崎温泉,Kansai,关西,onsen,温泉,1,KM004,,https://selfguidejapan.com/tours/KM004,selfguidejapan.com
Kinosaki Onsen public bathhouses,城崎温泉外汤,,Kinosaki Onsen,城崎温泉,Kansai,关西,onsen,温泉,1,KM004,,https://selfguidejapan.com/tours/KM004,selfguidejapan.com
Kinosaki Onsen town,城崎温泉,,Kinosaki Onsen,城崎温泉,Kansai,关西,onsen,温泉,1,KA003,,https://selfguidejapan.com/tours/KA003,selfguidejapan.com
Kitayama River IKADA rafting,北山川筏流,,Kitayama,北山村,Kansai,关西,transport_experience,观光交通,1,NT006,,https://selfguidejapan.com/tours/NT006,selfguidejapan.com
Koyasan,高野山,,Koyasan,高野山,Kansai,关西,temple,寺院,4,GR001 KM004 NT007 SL001,,https://selfguidejapan.com/tours/GR001 https://selfguidejapan.com/tours/KM004 https://selfguidejapan.com/tours/NT007,selfguidejapan.com
Koyasan / Fukuchi-in shukubo,高野山福智院宿坊,,Koyasan,高野山,Kansai,关西,temple,寺院,3,KM001 KM002 KM003,,https://selfguidejapan.com/tours/KM001 https://selfguidejapan.com/tours/KM002 https://selfguidejapan.com/tours/KM003,selfguidejapan.com
Koyasan temple lodging (shukubo),高野山宿坊,,Koyasan,高野山,Kansai,关西,temple,寺院,3,KM001 NT002 NT006,,https://selfguidejapan.com/tours/KM001 https://selfguidejapan.com/tours/NT002 https://selfguidejapan.com/tours/NT006,selfguidejapan.com
"Danjo Garan (Konpon Daito Pagoda, Kondo Hall)",坛上伽蓝,,Koyasan,高野山,Kansai,关西,temple,寺院,1,SL003,,https://selfguidejapan.com/tours/SL003,selfguidejapan.com
Kondo Hall,金堂（坛上伽蓝）,,Koyasan,高野山,Kansai,关西,,,1,SL003,,https://selfguidejapan.com/tours/SL003,selfguidejapan.com
Kongobuji Temple,金刚峰寺,金剛峯寺,Koyasan,高野山,Kansai,关西,temple,寺院,1,SL003,Head temple in the middle of town.,https://selfguidejapan.com/tours/SL003 https://selfguidejapan.com/blog/koyasan-temple-stay,selfguidejapan.com
Konpon Daito Pagoda,根本大塔,,Koyasan,高野山,Kansai,关西,,,1,SL003,,https://selfguidejapan.com/tours/SL003,selfguidejapan.com
Koyasan sacred grounds,高野山圣域,,Koyasan,高野山,Kansai,关西,temple,寺院,1,KM004,,https://selfguidejapan.com/tours/KM004,selfguidejapan.com
Koyasan shukubo,高野山宿坊,,Koyasan,高野山,Kansai,关西,temple,寺院,1,NT-?SACRED,,,selfguidejapan.com
Koyasan temple complex / shukubo,高野山寺院群·宿坊,,Koyasan,高野山,Kansai,关西,temple,寺院,1,SL003,,https://selfguidejapan.com/tours/SL003,selfguidejapan.com
Okunoin (pass 1),奥之院,,Koyasan,高野山,Kansai,关西,temple,寺院,1,SL003,,https://selfguidejapan.com/tours/SL003,selfguidejapan.com
Okunoin cemetery,奥之院,奥之院,Koyasan,高野山,Kansai,关西,temple,寺院,1,KM003,Vast forest cemetery; 'mystical Okunoin' explored on the Koyasan tour.,https://selfguidejapan.com/tours/KM003 https://selfguidejapan.com/blog/koyasan-temple-stay,selfguidejapan.com
Fukuchi-in,福智院（宿坊）,福智院,Koyasan,高野山,Kansai,关西,temple,寺院,0,,"Temple founded about 800 years ago, a few minutes' walk from Kongobuji; the site's booked shukubo.",https://selfguidejapan.com/blog/koyasan-temple-stay,selfguidejapan.com
Shukubo temple stay,宿坊体验,宿坊,Koyasan,高野山,Kansai,关西,experience,体验/活动,0,,"Night in a working temple: tatami room, vegetarian dinner on lacquer trays, communal bath, chanted morning service.",https://selfguidejapan.com/blog/koyasan-temple-stay,selfguidejapan.com
Kumano Sanzan shrines,熊野三山,,Kumano,熊野,Kansai,关西,shrine,神社,1,NT009,,https://selfguidejapan.com/tours/NT009,selfguidejapan.com
Fushimi Inari Taisha,伏见稻荷大社,伏見稲荷大社,Kyoto,京都,Kansai,关西,shrine,神社,5,BF002 GR007 KM004 SL003 TP101,Shrine of thousands of torii gates.,https://selfguidejapan.com/tours/BF002 https://selfguidejapan.com/tours/GR007 https://selfguidejapan.com/tours/KM004,selfguidejapan.com
Kinkaku-ji Temple,金阁寺,金閣寺,Kyoto,京都,Kansai,关西,temple,寺院,5,BF002 GR007 LX003 SL003 TP101,The Golden Pavilion.,https://selfguidejapan.com/tours/BF002 https://selfguidejapan.com/tours/GR007 https://selfguidejapan.com/tours/LX003,selfguidejapan.com
Kyoto,京都,,Kyoto,京都,Kansai,关西,,,5,HS003 KM003 LX001 NT005 NT105,,https://selfguidejapan.com/tours/HS003 https://selfguidejapan.com/tours/KM003 https://selfguidejapan.com/tours/LX001,selfguidejapan.com
Arashiyama,岚山,嵐山,Kyoto,京都,Kansai,关西,district,街区/城镇,4,GR003 GR006 GR007 LX003,Western district with bamboo grove and river scenery; suggested as a base for a second visit.,https://selfguidejapan.com/tours/GR003 https://selfguidejapan.com/tours/GR006 https://selfguidejapan.com/tours/GR007,selfguidejapan.com
Nara (option),奈良,,Kyoto,京都,Kansai,关西,,,4,GR007 KM001 KM002 KR003,,https://selfguidejapan.com/tours/GR007 https://selfguidejapan.com/tours/KM001 https://selfguidejapan.com/tours/KM002,selfguidejapan.com
Gion,祇园,祇園,Kyoto,京都,Kansai,关西,district,街区/城镇,3,BF002 GR007 LX003,Traditional geisha district; recommended stay area for atmosphere (with southern Higashiyama).,https://selfguidejapan.com/tours/BF002 https://selfguidejapan.com/tours/GR007 https://selfguidejapan.com/tours/LX003,selfguidejapan.com
Nishiki Market,锦市场,錦市場,Kyoto,京都,Kansai,关西,market,市场/美食,3,BF002 GR007 SL003,Downtown food market.,https://selfguidejapan.com/tours/BF002 https://selfguidejapan.com/tours/GR007 https://selfguidejapan.com/tours/SL003,selfguidejapan.com
Arashiyama Bamboo Grove,岚山竹林,,Kyoto,京都,Kansai,关西,nature,自然景观,2,BF002 SL003,,https://selfguidejapan.com/tours/BF002 https://selfguidejapan.com/tours/SL003,selfguidejapan.com
Fushimi,伏见,,Kyoto,京都,Kansai,关西,,,2,LX002 LX003,,https://selfguidejapan.com/tours/LX002 https://selfguidejapan.com/tours/LX003,selfguidejapan.com
Kinkakuji Temple,金阁寺,,Kyoto,京都,Kansai,关西,temple,寺院,2,KM004 TP101,,https://selfguidejapan.com/tours/KM004 https://selfguidejapan.com/tours/TP101,selfguidejapan.com
Kiyomizu-dera Temple,清水寺,清水寺,Kyoto,京都,Kansai,关西,temple,寺院,2,BF002 LX003,Hillside temple above the Higashiyama slopes.,https://selfguidejapan.com/tours/BF002 https://selfguidejapan.com/tours/LX003 https://selfguidejapan.com/blog/things-to-do-in-kyoto,selfguidejapan.com
Sanzen-in (Ohara),三千院,,Kyoto,京都,Kansai,关西,temple,寺院,2,LX002 LX003,,https://selfguidejapan.com/tours/LX002 https://selfguidejapan.com/tours/LX003,selfguidejapan.com
Akame 48 Falls (ninja training),赤目四十八瀑（忍者修行）,,Kyoto,京都,Kansai,关西,nature,自然景观,1,FG005,,https://selfguidejapan.com/tours/FG005,selfguidejapan.com
Ginkaku-ji (Silver Pavilion),银阁寺,,Kyoto,京都,Kansai,关西,temple,寺院,1,LX003,,https://selfguidejapan.com/tours/LX003,selfguidejapan.com
Ise Jingu Inner Shrine (Naiku),伊势神宫内宫,,Kyoto,京都,Kansai,关西,shrine,神社,1,LX001,,https://selfguidejapan.com/tours/LX001,selfguidejapan.com
Ise Jingu Outer Shrine (Geku),伊势神宫外宫,,Kyoto,京都,Kansai,关西,shrine,神社,1,LX001,,https://selfguidejapan.com/tours/LX001,selfguidejapan.com
Kawadoko dining,川床料理,,Kyoto,京都,Kansai,关西,market,市场/美食,1,NT006,,https://selfguidejapan.com/tours/NT006,selfguidejapan.com
Kyoto gardens,京都庭园,,Kyoto,京都,Kansai,关西,garden,庭园,1,KM002,,https://selfguidejapan.com/tours/KM002,selfguidejapan.com
Mount Hiei,比叡山,,Kyoto,京都,Kansai,关西,nature,自然景观,1,LX003,,https://selfguidejapan.com/tours/LX003,selfguidejapan.com
Nijo Castle,二条城,二条城,Kyoto,京都,Kansai,关西,castle,城堡/武家,1,TP101,Shogunate castle in central Kyoto.,https://selfguidejapan.com/tours/TP101 https://selfguidejapan.com/blog/things-to-do-in-kyoto,selfguidejapan.com
Ohara,大原,,Kyoto,京都,Kansai,关西,,,1,LX002,,https://selfguidejapan.com/tours/LX002,selfguidejapan.com
Ryoan-ji,龙安寺,,Kyoto,京都,Kansai,关西,temple,寺院,1,LX003,,https://selfguidejapan.com/tours/LX003,selfguidejapan.com
Ryoan-ji rock garden,龙安寺石庭,,Kyoto,京都,Kansai,关西,temple,寺院,1,LX003,,https://selfguidejapan.com/tours/LX003,selfguidejapan.com
Sanzen-in (Ohara) moss garden,大原三千院苔庭,,Kyoto,京都,Kansai,关西,temple,寺院,1,LX002,,https://selfguidejapan.com/tours/LX002,selfguidejapan.com
Yasaka Shrine,八坂神社,,Kyoto,京都,Kansai,关西,shrine,神社,1,BF002,,https://selfguidejapan.com/tours/BF002,selfguidejapan.com
Higashiyama slopes,东山坂道（二年坂·三年坂）,東山,Kyoto,京都,Kansai,关西,district,街区/城镇,0,,Preserved lanes leading up to Kiyomizu-dera.,https://selfguidejapan.com/blog/things-to-do-in-kyoto,selfguidejapan.com
Kyoto Station area,京都站周边,京都駅,Kyoto,京都,Kansai,关西,district,街区/城镇,0,,Most convenient base for day trips and the Shinkansen (first-time visitors).,https://selfguidejapan.com/blog/where-to-stay-in-kyoto,selfguidejapan.com
Shijo-Kawaramachi,四条河原町,四条河原町,Kyoto,京都,Kansai,关西,district,街区/城镇,0,,Downtown area recommended for food and evenings.,https://selfguidejapan.com/blog/where-to-stay-in-kyoto,selfguidejapan.com
Amanohashidate,天桥立,,Miyazu,宫津（天桥立）,Kansai,关西,,,1,KM004,,https://selfguidejapan.com/tours/KM004,selfguidejapan.com
Tango Ao-Matsu sightseeing train,丹后青松号观光列车,,Miyazu - Toyooka,宫津（天桥立）,Kansai,关西,transport_experience,观光交通,1,KM004,,https://selfguidejapan.com/tours/KM004,selfguidejapan.com
Akame 48 Falls ninja training,赤目四十八瀑忍者修行,,Nabari,名张,Kansai,关西,nature,自然景观,1,FG005,,https://selfguidejapan.com/tours/FG005,selfguidejapan.com
Cave onsen,洞窟温泉,,Nachikatsuura,那智胜浦,Kansai,关西,onsen,温泉,1,NT-?SACRED,,,selfguidejapan.com
Kumano Nachi Taisha,熊野那智大社,,Nachikatsuura,那智胜浦,Kansai,关西,shrine,神社,1,NT006,,https://selfguidejapan.com/tours/NT006,selfguidejapan.com
Nachi Falls,那智瀑布,,Nachikatsuura,那智胜浦,Kansai,关西,nature,自然景观,1,NT009,,https://selfguidejapan.com/tours/NT009,selfguidejapan.com
Nachi Falls / Kumano Nachi Taisha,那智瀑布·熊野那智大社,,Nachikatsuura,那智胜浦,Kansai,关西,shrine,神社,1,NT008,,https://selfguidejapan.com/tours/NT008,selfguidejapan.com
Nara Park,奈良公园,奈良公園,Nara,奈良,Kansai,关西,nature,自然景观,3,GR006 KA001 KR003,"Over 1,200 semi-wild sika deer roam freely and bow for crackers.",https://selfguidejapan.com/tours/GR006 https://selfguidejapan.com/tours/KA001 https://selfguidejapan.com/tours/KR003,selfguidejapan.com
Kasuga Taisha,春日大社,春日大社,Nara,奈良,Kansai,关西,shrine,神社,2,KA001 TP101,"Shrine with 3,000 stone and bronze lanterns; maple-lined approach in autumn.",https://selfguidejapan.com/tours/KA001 https://selfguidejapan.com/tours/TP101 https://selfguidejapan.com/destinations/nara,selfguidejapan.com
Todai-ji,东大寺,東大寺,Nara,奈良,Kansai,关西,temple,寺院,2,KA001 TP101,Houses the world's largest bronze Buddha in one of the world's largest wooden buildings.,https://selfguidejapan.com/tours/KA001 https://selfguidejapan.com/tours/TP101 https://selfguidejapan.com/destinations/nara,selfguidejapan.com
Kofuku-ji,兴福寺,,Nara,奈良,Kansai,关西,temple,寺院,1,KA001,,https://selfguidejapan.com/tours/KA001,selfguidejapan.com
UNESCO World Heritage sites of Nara,奈良世界遗产群,,Nara,奈良,Kansai,关西,,,1,TP101,,https://selfguidejapan.com/tours/TP101,selfguidejapan.com
Mount Yoshino,吉野山,吉野山,Nara,奈良,Kansai,关西,nature,自然景观,0,,Nearby cherry-blossom mountain (late March - mid April).,https://selfguidejapan.com/destinations/nara,selfguidejapan.com
Omihachiman canal town,近江八幡水乡,,Omihachiman,近江八幡,Kansai,关西,district,街区/城镇,1,LX002,,https://selfguidejapan.com/tours/LX002,selfguidejapan.com
Universal City theme park (2 days),日本环球影城,,Osaka,大阪,Kansai,关西,theme_park,主题乐园,6,TP001 TP002 TP003 TP004 TP101 TP102,,https://selfguidejapan.com/tours/TP001 https://selfguidejapan.com/tours/TP002 https://selfguidejapan.com/tours/TP003,selfguidejapan.com
Dotonbori,道顿堀,道頓堀,Osaka,大阪,Kansai,关西,food,美食,3,FG002 SL004 TP004,Neon-lit canal district famous for street food.,https://selfguidejapan.com/tours/FG002 https://selfguidejapan.com/tours/SL004 https://selfguidejapan.com/tours/TP004,selfguidejapan.com
Osaka Castle,大阪城,大阪城,Osaka,大阪,Kansai,关西,castle,城堡/武家,2,GR006 SL004,Towering castle; the park is a cherry-blossom spot in late March-April.,https://selfguidejapan.com/tours/GR006 https://selfguidejapan.com/tours/SL004 https://selfguidejapan.com/destinations/osaka,selfguidejapan.com
Shinsaibashi,心斋桥,,Osaka,大阪,Kansai,关西,,,2,FG002 TP004,,https://selfguidejapan.com/tours/FG002 https://selfguidejapan.com/tours/TP004,selfguidejapan.com
Umeda Sky Building,梅田蓝天大厦,,Osaka,大阪,Kansai,关西,viewpoint,观景,2,FG002 TP004,,https://selfguidejapan.com/tours/FG002 https://selfguidejapan.com/tours/TP004,selfguidejapan.com
Universal Studios Japan (inferred),日本环球影城,,Osaka,大阪,Kansai,关西,theme_park,主题乐园,2,FG004 TP101,,https://selfguidejapan.com/tours/FG004 https://selfguidejapan.com/tours/TP101,selfguidejapan.com
Abeno Harukas,阿倍野 Harukas,,Osaka,大阪,Kansai,关西,,,1,TP004,,https://selfguidejapan.com/tours/TP004,selfguidejapan.com
Nara deer,奈良鹿,,Osaka,大阪,Kansai,关西,,,1,KR003,,https://selfguidejapan.com/tours/KR003,selfguidejapan.com
Osaka street food,大阪街头小吃,,Osaka,大阪,Kansai,关西,market,市场/美食,1,FG002,,https://selfguidejapan.com/tours/FG002,selfguidejapan.com
Universal City theme-park area,环球城乐园区,,Osaka,大阪,Kansai,关西,theme_park,主题乐园,1,FG004,,https://selfguidejapan.com/tours/FG004,selfguidejapan.com
Universal City – Hollywood-themed movie park,日本环球影城,,Osaka,大阪,Kansai,关西,theme_park,主题乐园,1,TP004,,https://selfguidejapan.com/tours/TP004,selfguidejapan.com
Ebisubashi Bridge,戎桥,戎橋,Osaka,大阪,Kansai,关西,viewpoint,观景,0,,"Bridge over the Dotonbori canal, classic photo spot.",https://selfguidejapan.com/destinations/osaka,selfguidejapan.com
Kuromon Market,黑门市场,黒門市場,Osaka,大阪,Kansai,关西,market,市场/美食,0,,Fresh sashimi and grilled seafood market.,https://selfguidejapan.com/destinations/osaka,selfguidejapan.com
Osaka Castle Park,大阪城,大阪城公園,Osaka,大阪,Kansai,关西,nature,自然景观,0,,"Park around the castle, cherry blossoms in spring.",https://selfguidejapan.com/destinations/osaka,selfguidejapan.com
Tenjin Matsuri,天神祭,天神祭,Osaka,大阪,Kansai,关西,experience,体验/活动,0,,"Late-July festival, described as one of Japan's top three.",https://selfguidejapan.com/destinations/osaka,selfguidejapan.com
Osaka or Nara (free-day option),大阪或奈良（自由日可选）,,Osaka/Nara,大阪,Kansai,关西,,,1,FG005,,https://selfguidejapan.com/tours/FG005,selfguidejapan.com
Ishiyama-dera,石山寺,,Otsu,大津,Kansai,关西,temple,寺院,1,LX002,,https://selfguidejapan.com/tours/LX002,selfguidejapan.com
Lake Biwa,琵琶湖,,Otsu,大津,Kansai,关西,nature,自然景观,1,LX002,,https://selfguidejapan.com/tours/LX002,selfguidejapan.com
Lake Biwa Michigan cruise,琵琶湖密歇根号游船,,Otsu,大津,Kansai,关西,nature,自然景观,1,LX002,,https://selfguidejapan.com/tours/LX002,selfguidejapan.com
Mii-dera,三井寺,,Otsu,大津,Kansai,关西,temple,寺院,1,LX002,,https://selfguidejapan.com/tours/LX002,selfguidejapan.com
Enryaku-ji (Mount Hiei),延历寺,,Otsu/Kyoto,大津,Kansai,关西,temple,寺院,1,LX003,,https://selfguidejapan.com/tours/LX003,selfguidejapan.com
Hasedera Temple,长谷寺（镰仓）,,Sakurai,樱井,Kansai,关西,temple,寺院,1,KR003,,https://selfguidejapan.com/tours/KR003,selfguidejapan.com
Dorokyo Gorge cruise,瀞峡,,Shingu,新宫,Kansai,关西,nature,自然景观,2,NT-?SACRED NT008,,https://selfguidejapan.com/tours/NT008,selfguidejapan.com
Kumano Hayatama Taisha,熊野速玉大社,,Shingu,新宫,Kansai,关西,shrine,神社,1,NT008,,https://selfguidejapan.com/tours/NT008,selfguidejapan.com
Shirahama,白滨,,Shirahama,白滨,Kansai,关西,,,1,NT007,,https://selfguidejapan.com/tours/NT007,selfguidejapan.com
Ryujin Onsen,龙神温泉,,Tanabe,田边,Kansai,关西,onsen,温泉,1,NT-?SACRED,,,selfguidejapan.com
Uji,宇治,,Uji,宇治,Kansai,关西,,,2,LX002 LX003,,https://selfguidejapan.com/tours/LX002 https://selfguidejapan.com/tours/LX003,selfguidejapan.com
Hakone,箱根神社,,Hakone,箱根,Kanto,关东,,,5,FG001 FG002 GR007 HS003 SL007,,https://selfguidejapan.com/tours/FG001 https://selfguidejapan.com/tours/FG002 https://selfguidejapan.com/tours/GR007,selfguidejapan.com
Lake Ashi / Mount Fuji views,芦之湖·富士山景观,,Hakone,箱根,Kanto,关东,nature,自然景观,2,GR007 GR009,,https://selfguidejapan.com/tours/GR007 https://selfguidejapan.com/tours/GR009,selfguidejapan.com
Hakone Open-Air Museum,箱根雕刻之森美术馆,,Hakone,箱根,Kanto,关东,museum,博物馆/美术馆,1,FG002,,https://selfguidejapan.com/tours/FG002,selfguidejapan.com
Hakone hot springs,箱根空中缆车,,Hakone,箱根,Kanto,关东,onsen,温泉,1,HS002,,https://selfguidejapan.com/tours/HS002,selfguidejapan.com
Lake Ashi,芦之湖,芦ノ湖,Hakone,箱根,Kanto,关东,nature,自然景观,1,FG002,Crater lake with Mt Fuji behind it on a clear day.,https://selfguidejapan.com/tours/FG002 https://selfguidejapan.com/blog/hakone,selfguidejapan.com
Mt. Fuji views,富士山景观,,Hakone,箱根,Kanto,关东,nature,自然景观,1,FG002,,https://selfguidejapan.com/tours/FG002,selfguidejapan.com
Old Tokaido Highway Cedar Avenue,旧东海道杉并木,,Hakone,箱根,Kanto,关东,,,1,FG002,,https://selfguidejapan.com/tours/FG002,selfguidejapan.com
Owakudani,大涌谷,大涌谷,Hakone,箱根,Kanto,关东,nature,自然景观,1,FG002,Active volcanic valley reached by ropeway.,https://selfguidejapan.com/tours/FG002 https://selfguidejapan.com/blog/hakone,selfguidejapan.com
The Fujiya Hotel (Miyanoshita),富士屋酒店（宫之下）,,Hakone,箱根,Kanto,关东,,,1,GR107,,https://selfguidejapan.com/tours/GR107,selfguidejapan.com
Togendai,桃源台,,Hakone,箱根,Kanto,关东,,,1,FG002,,https://selfguidejapan.com/tours/FG002,selfguidejapan.com
Hakone Freepass,箱根周游券,箱根フリーパス,Hakone,箱根,Kanto,关东,transport_experience,观光交通,0,,"Covers train, cable car, ropeway, pirate ship and buses.",https://selfguidejapan.com/blog/hakone,selfguidejapan.com
Hakone Loop,箱根周游线,,Hakone,箱根,Kanto,关东,transport_experience,观光交通,0,,"Circuit done counter-clockwise: up by rail, across by ropeway and boat, back by bus; takes most of a day.",https://selfguidejapan.com/blog/hakone,selfguidejapan.com
Hakone Ropeway,箱根空中缆车,箱根ロープウェイ,Hakone,箱根,Kanto,关东,transport_experience,观光交通,0,,"Gondolas about every minute across the ridge to Owakudani, then down to Togendai.",https://selfguidejapan.com/blog/hakone,selfguidejapan.com
Hakone Shrine torii gate,箱根神社平和鸟居,箱根神社,Hakone,箱根,Kanto,关东,shrine,神社,0,,Shrine gate standing in the water of Lake Ashi.,https://selfguidejapan.com/blog/hakone,selfguidejapan.com
Hakone Sightseeing Cruise (pirate ships),芦之湖海贼观光船,箱根海賊船,Hakone,箱根,Kanto,关东,transport_experience,观光交通,0,,Togendai to Hakone-machi / Moto-Hakone in 25-40 minutes on pirate-ship-styled boats.,https://selfguidejapan.com/blog/hakone,selfguidejapan.com
Hakone museums,箱根美术馆群,,Hakone,箱根,Kanto,关东,museum,博物馆/美术馆,0,,The area's 'fine museums' are part of the loop.,https://selfguidejapan.com/blog/hakone,selfguidejapan.com
Onsen night,温泉旅馆之夜,温泉,Hakone,箱根,Kanto,关东,onsen,温泉,0,,A night in the hot springs is the site's main recommendation.,https://selfguidejapan.com/blog/hakone,selfguidejapan.com
Second Maihama park,东京迪士尼海洋（舞滨第二园区）,,Maihama,舞滨,Kanto,关东,nature,自然景观,1,TP004,,https://selfguidejapan.com/tours/TP004,selfguidejapan.com
"Tokyo Bay theme resort - castle park (classic rides, parades)",东京迪士尼乐园（城堡园区）,,Maihama,舞滨,Kanto,关东,castle,城堡/武家,1,TP004,,https://selfguidejapan.com/tours/TP004,selfguidejapan.com
Tokyo Bay theme resort - sea-themed park,东京迪士尼海洋,,Maihama,舞滨,Kanto,关东,nature,自然景观,1,TP004,,https://selfguidejapan.com/tours/TP004,selfguidejapan.com
Tokyo Disney Resort (inferred),东京迪士尼度假区,東京ディズニーリゾート,Maihama,舞滨,Kanto,关东,theme_park,主题乐园,1,FG004,Listed simply as 'Disney' among Tokyo's big experiences.,https://selfguidejapan.com/tours/FG004 https://selfguidejapan.com/blog/things-to-do-in-tokyo,selfguidejapan.com
"Tokyo Disneyland / Tokyo DisneySea (page wording: 'Tokyo Bay theme resorts', 'a castle with classic rides and parades', 'a sea-themed park')",东京迪士尼乐园 / 迪士尼海洋,,Maihama,舞滨,Kanto,关东,theme_park,主题乐园,1,FG004,,https://selfguidejapan.com/tours/FG004,selfguidejapan.com
Tokyo historic streets & shopping areas,东京老街与购物区,,Maihama,舞滨,Kanto,关东,market,市场/美食,1,TP004,,https://selfguidejapan.com/tours/TP004,selfguidejapan.com
Tokyo historic streets and shopping areas,东京老街与购物区,,Maihama,舞滨,Kanto,关东,market,市场/美食,1,FG004,,https://selfguidejapan.com/tours/FG004,selfguidejapan.com
Harajuku,原宿,,Tokyo,东京,Kanto,关东,district,街区/城镇,9,BF002 FG002 GR007 LX001 SE003 SL003 SL004 SL005 TP101,,https://selfguidejapan.com/tours/BF002 https://selfguidejapan.com/tours/FG002 https://selfguidejapan.com/tours/GR007,selfguidejapan.com
Imperial Palace,皇居,,Tokyo,东京,Kanto,关东,,,8,BF002 FG002 SE003 SK006 SL003 SL004 SL005 TP101,,https://selfguidejapan.com/tours/BF002 https://selfguidejapan.com/tours/FG002 https://selfguidejapan.com/tours/SE003,selfguidejapan.com
Asakusa,浅草,,Tokyo,东京,Kanto,关东,district,街区/城镇,7,BF002 GR007 SE003 SL003 SL004 SL005 TP101,,https://selfguidejapan.com/tours/BF002 https://selfguidejapan.com/tours/GR007 https://selfguidejapan.com/tours/SE003,selfguidejapan.com
Tokyo Skytree,东京晴空塔,,Tokyo,东京,Kanto,关东,viewpoint,观景,7,BF002 FG002 SE003 SL003 SL004 SL005 TP101,,https://selfguidejapan.com/tours/BF002 https://selfguidejapan.com/tours/FG002 https://selfguidejapan.com/tours/SE003,selfguidejapan.com
Shibuya Scramble Crossing,涩谷十字路口,,Tokyo,东京,Kanto,关东,district,街区/城镇,6,BF002 FG002 SE003 SL003 SL004 SL005,,https://selfguidejapan.com/tours/BF002 https://selfguidejapan.com/tours/FG002 https://selfguidejapan.com/tours/SE003,selfguidejapan.com
Sensoji Temple,浅草寺,,Tokyo,东京,Kanto,关东,temple,寺院,4,BF002 FG002 GR007 SE003,,https://selfguidejapan.com/tours/BF002 https://selfguidejapan.com/tours/FG002 https://selfguidejapan.com/tours/GR007,selfguidejapan.com
Shibuya,涩谷,,Tokyo,东京,Kanto,关东,district,街区/城镇,3,GR007 LX001 TP101,,https://selfguidejapan.com/tours/GR007 https://selfguidejapan.com/tours/LX001 https://selfguidejapan.com/tours/TP101,selfguidejapan.com
Asakusa / Senso-ji,浅草·浅草寺,,Tokyo,东京,Kanto,关东,temple,寺院,2,LX001 SK006,,https://selfguidejapan.com/tours/LX001 https://selfguidejapan.com/tours/SK006,selfguidejapan.com
Asakusa / Kaminarimon Gate / Sensoji Temple,浅草·雷门·浅草寺,,Tokyo,东京,Kanto,关东,temple,寺院,1,SE003,,https://selfguidejapan.com/tours/SE003,selfguidejapan.com
Asakusa / Sensoji,浅草·浅草寺,,Tokyo,东京,Kanto,关东,district,街区/城镇,1,SL003,,https://selfguidejapan.com/tours/SL003,selfguidejapan.com
Asakusa / Sensoji Temple / Kaminarimon,浅草·浅草寺·雷门,,Tokyo,东京,Kanto,关东,temple,寺院,1,SL005,,https://selfguidejapan.com/tours/SL005,selfguidejapan.com
Ginza,银座,,Tokyo,东京,Kanto,关东,district,街区/城镇,1,LX002,,https://selfguidejapan.com/tours/LX002,selfguidejapan.com
Hotel Chinzanso gardens,椿山庄庭园,,Tokyo,东京,Kanto,关东,garden,庭园,1,LX002,,https://selfguidejapan.com/tours/LX002,selfguidejapan.com
Imperial Palace gardens,皇居,,Tokyo,东京,Kanto,关东,garden,庭园,1,LX001,,https://selfguidejapan.com/tours/LX001,selfguidejapan.com
Kabuki-za,歌舞伎座,,Tokyo,东京,Kanto,关东,museum,博物馆/美术馆,1,LX002,,https://selfguidejapan.com/tours/LX002,selfguidejapan.com
Kamakura (option),镰仓（可选）,,Tokyo,东京,Kanto,关东,,,1,GR007,,https://selfguidejapan.com/tours/GR007,selfguidejapan.com
Kaminarimon Gate,雷门,,Tokyo,东京,Kanto,关东,,,1,SE003,,https://selfguidejapan.com/tours/SE003,selfguidejapan.com
Meiji Shrine,明治神宫,明治神宮,Tokyo,东京,Kanto,关东,shrine,神社,1,GR007,Forested Shinto shrine next to Harajuku.,https://selfguidejapan.com/tours/GR007 https://selfguidejapan.com/blog/things-to-do-in-tokyo,selfguidejapan.com
Nakamise shopping street,仲见世商店街,,Tokyo,东京,Kanto,关东,market,市场/美食,1,SK006,,https://selfguidejapan.com/tours/SK006,selfguidejapan.com
Nikko (option),日光（可选）,,Tokyo,东京,Kanto,关东,,,1,GR007,,https://selfguidejapan.com/tours/GR007,selfguidejapan.com
Senso-ji / Asakusa,浅草寺·浅草,,Tokyo,东京,Kanto,关东,temple,寺院,1,LX001,,https://selfguidejapan.com/tours/LX001,selfguidejapan.com
Senso-ji Temple / Nakamise,浅草寺·仲见世,,Tokyo,东京,Kanto,关东,temple,寺院,1,SK006,,https://selfguidejapan.com/tours/SK006,selfguidejapan.com
Tokyo Station area,东京站周边,,Tokyo,东京,Kanto,关东,district,街区/城镇,1,SK006,,https://selfguidejapan.com/tours/SK006,selfguidejapan.com
Ghibli Museum,三鹰之森吉卜力美术馆,三鷹の森ジブリ美術館,Tokyo,东京,Kanto,关东,museum,博物馆/美术馆,0,,Studio Ghibli museum in Mitaka; needs advance booking.,https://selfguidejapan.com/blog/things-to-do-in-tokyo,selfguidejapan.com
Hakone day trip,箱根一日游,箱根,Tokyo,东京,Kanto,关东,onsen,温泉,0,,Hakone day trip listed as an alternative add-on from Tokyo.,https://selfguidejapan.com/blog/things-to-do-in-tokyo,selfguidejapan.com
Mt Fuji day trip,富士山一日游,富士山,Tokyo,东京,Kanto,关东,nature,自然景观,0,,Mt Fuji day trips are listed as a Tokyo add-on for five-day stays.,https://selfguidejapan.com/blog/things-to-do-in-tokyo,selfguidejapan.com
Observation decks,观景台,,Tokyo,东京,Kanto,关东,viewpoint,观景,0,,City observation decks are listed among first-trip essentials.,https://selfguidejapan.com/blog/things-to-do-in-tokyo,selfguidejapan.com
Senso-ji Temple,浅草寺,浅草寺,Tokyo,东京,Kanto,关东,temple,寺院,0,,"Asakusa's historic temple, listed first among the site's best things to do on a first trip.",https://selfguidejapan.com/blog/things-to-do-in-tokyo,selfguidejapan.com
Shibuya Crossing,涩谷十字路口,渋谷スクランブル交差点,Tokyo,东京,Kanto,关东,district,街区/城镇,0,,The famous scramble crossing in Shibuya.,https://selfguidejapan.com/blog/things-to-do-in-tokyo,selfguidejapan.com
Shibuya Sky,Shibuya Sky 观景台,渋谷スカイ,Tokyo,东京,Kanto,关东,viewpoint,观景,0,,Rooftop observation deck above Shibuya Crossing.,https://selfguidejapan.com/blog/things-to-do-in-tokyo,selfguidejapan.com
Shinjuku,新宿,新宿,Tokyo,东京,Kanto,关东,district,街区/城镇,0,,Major entertainment and transport district.,https://selfguidejapan.com/blog/things-to-do-in-tokyo,selfguidejapan.com
Sumo,相扑,相撲,Tokyo,东京,Kanto,关东,experience,体验/活动,0,,Watching sumo is listed as a Tokyo experience.,https://selfguidejapan.com/blog/things-to-do-in-tokyo,selfguidejapan.com
Tsukiji,筑地,築地,Tokyo,东京,Kanto,关东,market,市场/美食,0,,Tsukiji outer market food area.,https://selfguidejapan.com/blog/things-to-do-in-tokyo,selfguidejapan.com
Two theme resorts on the Maihama coastline (Tokyo Bay),东京迪士尼度假区（舞滨两园）,,Tokyo Bay / Maihama,东京湾,Kanto,关东,nature,自然景观,1,TP004,,https://selfguidejapan.com/tours/TP004,selfguidejapan.com
Tokyo Bay theme-park area (Maihama),东京湾乐园区（舞滨）,,Urayasu,浦安,Kanto,关东,nature,自然景观,1,FG004,,https://selfguidejapan.com/tours/FG004,selfguidejapan.com
Tokyo Bay theme resort (two Maihama parks),东京迪士尼度假区（舞滨两园）,,Urayasu (Maihama),浦安,Kanto,关东,nature,自然景观,1,TP004,,https://selfguidejapan.com/tours/TP004,selfguidejapan.com
Arita pottery town,有田陶瓷小镇,,Arita,有田,Kyushu,九州,district,街区/城镇,1,KY004,,https://selfguidejapan.com/tours/KY004,selfguidejapan.com
Aso-Kuju National Park,阿苏九重国立公园,,Aso,阿苏,Kyushu,九州,nature,自然景观,1,KY003,,https://selfguidejapan.com/tours/KY003,selfguidejapan.com
Kusasenri,草千里,,Aso,阿苏,Kyushu,九州,,,1,KY003,,https://selfguidejapan.com/tours/KY003,selfguidejapan.com
Mount Aso,阿苏山,,Aso,阿苏,Kyushu,九州,nature,自然景观,1,KY003,,https://selfguidejapan.com/tours/KY003,selfguidejapan.com
Nakadake Crater,阿苏中岳火口,,Aso,阿苏,Kyushu,九州,nature,自然景观,1,KY003,,https://selfguidejapan.com/tours/KY003,selfguidejapan.com
Beppu,别府,,Beppu,别府,Kyushu,九州,,,1,KY004,,https://selfguidejapan.com/tours/KY004,selfguidejapan.com
Beppu Hells (Jigoku Meguri),别府地狱巡游,,Beppu,别府,Kyushu,九州,onsen,温泉,1,KY003,,https://selfguidejapan.com/tours/KY003,selfguidejapan.com
Beppu Onsen,别府温泉,,Beppu,别府,Kyushu,九州,onsen,温泉,1,KY003,,https://selfguidejapan.com/tours/KY003,selfguidejapan.com
Chiran Samurai Residences,知览武家屋敷,,Chiran,知览,Kyushu,九州,castle,城堡/武家,1,KY003,,https://selfguidejapan.com/tours/KY003,selfguidejapan.com
Fukuoka yatai street-food stalls,福冈屋台,,Fukuoka,福冈,Kyushu,九州,market,市场/美食,1,BF005,,https://selfguidejapan.com/tours/BF005,selfguidejapan.com
Solaria Nishitetsu Hotel Fukuoka (or similar) – hotel,（酒店）Solaria 西铁福冈,,Fukuoka,福冈,Kyushu,九州,,,1,GR108,,https://selfguidejapan.com/tours/GR108,selfguidejapan.com
Yatai (Nakasu food stalls),福冈屋台,,Fukuoka,福冈,Kyushu,九州,market,市场/美食,1,KY003,,https://selfguidejapan.com/tours/KY003,selfguidejapan.com
Yatai food stalls,屋台,屋台,Fukuoka,福冈,Kyushu,九州,food,美食,1,GR010,About a hundred open-air food stalls set up along the river every evening.,https://selfguidejapan.com/tours/GR010 https://selfguidejapan.com/blog/things-to-do-in-fukuoka,selfguidejapan.com
Yatai street food stalls (pass 1),屋台,,Fukuoka,福冈,Kyushu,九州,market,市场/美食,1,SL004,,https://selfguidejapan.com/tours/SL004,selfguidejapan.com
Canal City Hakata,博多运河城,キャナルシティ博多,Fukuoka,福冈,Kyushu,九州,district,街区/城镇,0,,Shopping and entertainment complex.,https://selfguidejapan.com/blog/things-to-do-in-fukuoka,selfguidejapan.com
Dazaifu,太宰府,太宰府,Fukuoka,福冈,Kyushu,九州,shrine,神社,0,,Day trip (Dazaifu Tenmangu area).,https://selfguidejapan.com/blog/things-to-do-in-fukuoka,selfguidejapan.com
Fukuoka Castle ruins,福冈城迹,福岡城跡,Fukuoka,福冈,Kyushu,九州,castle,城堡/武家,0,,Castle ruins next to Ohori Park.,https://selfguidejapan.com/blog/things-to-do-in-fukuoka,selfguidejapan.com
Hakata ramen,博多拉面,博多ラーメン,Fukuoka,福冈,Kyushu,九州,food,美食,0,,Tonkotsu ramen originated here.,https://selfguidejapan.com/blog/things-to-do-in-fukuoka,selfguidejapan.com
Kushida Shrine,栉田神社,櫛田神社,Fukuoka,福冈,Kyushu,九州,shrine,神社,0,,Central Hakata shrine.,https://selfguidejapan.com/blog/things-to-do-in-fukuoka,selfguidejapan.com
Nanzoin,南藏院（卧佛）,南蔵院,Fukuoka,福冈,Kyushu,九州,temple,寺院,0,,Temple day trip from Fukuoka.,https://selfguidejapan.com/blog/things-to-do-in-fukuoka,selfguidejapan.com
Ohori Park,大濠公园,大濠公園,Fukuoka,福冈,Kyushu,九州,garden,庭园,0,,"Large pond with stone bridges, the Ukimido pavilion, swan boats and a loop path.",https://selfguidejapan.com/blog/things-to-do-in-fukuoka,selfguidejapan.com
Hasami pottery town,波佐见陶瓷小镇,,Hasami,波佐见,Kyushu,九州,district,街区/城镇,1,KY004,,https://selfguidejapan.com/tours/KY004,selfguidejapan.com
Hita,日田,,Hita,日田,Kyushu,九州,,,1,KY004,,https://selfguidejapan.com/tours/KY004,selfguidejapan.com
Ibusuki Onsen,指宿温泉,,Ibusuki,指宿,Kyushu,九州,onsen,温泉,1,KY005,,https://selfguidejapan.com/tours/KY005,selfguidejapan.com
Ibusuki no Tamatebako,观光列车「指宿之玉手箱」,,Ibusuki,指宿,Kyushu,九州,,,1,KY003,,https://selfguidejapan.com/tours/KY003,selfguidejapan.com
Ibusuki sand bath,指宿砂蒸温泉,,Ibusuki,指宿,Kyushu,九州,onsen,温泉,1,KY003,,https://selfguidejapan.com/tours/KY003,selfguidejapan.com
Imari pottery town,伊万里陶瓷小镇,,Imari,伊万里,Kyushu,九州,district,街区/城镇,1,KY004,,https://selfguidejapan.com/tours/KY004,selfguidejapan.com
Kagoshima,鹿儿岛,,Kagoshima,鹿儿岛,Kyushu,九州,,,1,KY005,,https://selfguidejapan.com/tours/KY005,selfguidejapan.com
Sakurajima,樱岛,,Kagoshima,鹿儿岛,Kyushu,九州,,,1,KY003,,https://selfguidejapan.com/tours/KY003,selfguidejapan.com
Sengan-en Garden,仙岩园,,Kagoshima,鹿儿岛,Kyushu,九州,garden,庭园,1,KY003,,https://selfguidejapan.com/tours/KY003,selfguidejapan.com
Suizenji Jojuen Garden,水前寺成趣园,,Kumamoto,熊本,Kyushu,九州,garden,庭园,1,KY003,,https://selfguidejapan.com/tours/KY003,selfguidejapan.com
Suizenji Park (Suizenji Jojuen),水前寺成趣园,,Kumamoto,熊本,Kyushu,九州,nature,自然景观,1,KY003,,https://selfguidejapan.com/tours/KY003,selfguidejapan.com
Gunkanjima (Battleship Island) landing cruise,军舰岛登岛游船,,Nagasaki,长崎,Kyushu,九州,nature,自然景观,1,KY004,,https://selfguidejapan.com/tours/KY004,selfguidejapan.com
Huis Ten Bosch,豪斯登堡,,Sasebo (Nagasaki Pref.),佐世保,Kyushu,九州,theme_park,主题乐园,1,KY002,,https://selfguidejapan.com/tours/KY002,selfguidejapan.com
Manai Falls,真名井瀑布,,Takachiho,高千穗,Kyushu,九州,nature,自然景观,1,KY003,,https://selfguidejapan.com/tours/KY003,selfguidejapan.com
Takachiho Gorge,高千穗峡,,Takachiho,高千穗,Kyushu,九州,nature,自然景观,1,KY003,,https://selfguidejapan.com/tours/KY003,selfguidejapan.com
Unzen Onsen,云仙温泉,,Unzen,云仙温泉,Kyushu,九州,onsen,温泉,1,KY004,,https://selfguidejapan.com/tours/KY004,selfguidejapan.com
Yanagawa,柳川,柳川,Yanagawa,柳川,Kyushu,九州,experience,体验/活动,1,KY005,Canal town day trip.,https://selfguidejapan.com/tours/KY005 https://selfguidejapan.com/blog/things-to-do-in-fukuoka,selfguidejapan.com
Yanagawa canal river cruise,柳川川下り游船,,Yanagawa,柳川,Kyushu,九州,transport_experience,观光交通,1,GR010,,https://selfguidejapan.com/tours/GR010,selfguidejapan.com
Yanagawa canals,柳川水道,,Yanagawa,柳川,Kyushu,九州,district,街区/城镇,1,KY004,,https://selfguidejapan.com/tours/KY004,selfguidejapan.com
Yanagawa canal cruise (donko boat),柳川川下り游船,,Yanagawa (Fukuoka),柳川,Kyushu,九州,transport_experience,观光交通,1,GR010,,https://selfguidejapan.com/tours/GR010,selfguidejapan.com
Naoshima art island,直岛艺术岛,,Naoshima,直岛,Setouchi,濑户内,nature,自然景观,4,GR004 GR005 SL004 SL005,,https://selfguidejapan.com/tours/GR004 https://selfguidejapan.com/tours/GR005 https://selfguidejapan.com/tours/SL004,selfguidejapan.com
Naoshima,直岛,,Naoshima,直岛,Setouchi,濑户内,,,2,SL004 SL005,,https://selfguidejapan.com/tours/SL004 https://selfguidejapan.com/tours/SL005,selfguidejapan.com
Naoshima - Yayoi Kusama 'Red Pumpkin' and contemporary art museums,直岛草间弥生红南瓜与当代美术馆,,Naoshima,直岛,Setouchi,濑户内,museum,博物馆/美术馆,1,GR010,,https://selfguidejapan.com/tours/GR010,selfguidejapan.com
Ikuchijima Island / Shiomachi Shopping Street,生口岛·汐町商店街,,Setoda (Ikuchijima),濑户田（生口岛）,Setouchi,濑户内,market,市场/美食,1,SE003,,https://selfguidejapan.com/tours/SE003,selfguidejapan.com
Setouchi art islands,濑户内艺术岛,,Setouchi,濑户内,Setouchi,濑户内,nature,自然景观,2,SE001 SE002,,https://selfguidejapan.com/tours/SE001 https://selfguidejapan.com/tours/SE002,selfguidejapan.com
Dogo Onsen,道后温泉,,Matsuyama,松山,Shikoku,四国,onsen,温泉,1,SE003,,https://selfguidejapan.com/tours/SE003,selfguidejapan.com
Matsuyama historic streets,松山历史街区,,Matsuyama,松山,Shikoku,四国,district,街区/城镇,1,SE003,,https://selfguidejapan.com/tours/SE003,selfguidejapan.com
Iyo-Ozu,伊予大洲,,Ozu,大洲,Shikoku,四国,,,1,SE003,,https://selfguidejapan.com/tours/SE003,selfguidejapan.com
Uchiko historic town,内子历史小镇,,Uchiko,内子,Shikoku,四国,district,街区/城镇,1,SE003,,https://selfguidejapan.com/tours/SE003,selfguidejapan.com
Zao Onsen ski resort,藏王温泉滑雪场,,Zao,藏王,Tohoku,东北,ski,滑雪,3,SK002 SK004 SK102,,https://selfguidejapan.com/tours/SK002 https://selfguidejapan.com/tours/SK004 https://selfguidejapan.com/tours/SK102,selfguidejapan.com
Nakasendo,中山道,,,,,,experience,体验/活动,1,NT002,,https://selfguidejapan.com/tours/NT002,selfguidejapan.com
