name_en,name_cn,name_ja,city,city_cn,region,region_cn,category,category_cn,tour_count,level,families,tours,description
Mt Fuji,富士山,,Fuji,富士山,Chubu,中部,nature,自然景观,2,common,F12,NT004 NT104,
Meoto Iwa,夫妇岩,,Futami,二见,Chubu,中部,,,1,optional,F05 F15,LX001,
Hakuba Tsugaike ski area,白马栂池滑雪场,,Hakuba,白马,Chubu,中部,ski,滑雪,2,common,F11,SK002 SK005,
Hakuba Misorano (Happo-one area) ski,白马八方尾根滑雪区,,Hakuba,白马,Chubu,中部,ski,滑雪,1,optional,F11,SK102,
Inuyama Castle,犬山城,,Inuyama,犬山,Chubu,中部,castle,城堡/武家,2,common,F03,FG002 FG003,
Ise Grand Shrine (Ise Jingu),伊势神宫,,Ise,伊势,Chubu,中部,shrine,神社,6,core,F02 F05 F06,FG005 GR001 GR007 KM001 NT008 NT009,
Ise Jingu,伊势神宫,伊勢神宮,Ise,伊势,Chubu,中部,shrine,神社,3,core,F05 F15,GR001 LX001 SL007,"Japan's most sacred Shinto shrine, visited from the Ise-Shima base."
Futamiura Wedded Rocks (Meoto Iwa),二见浦夫妇岩,,Ise,伊势,Chubu,中部,,,1,optional,F05,FG005,
Ise Jingu Geku (Outer Shrine),伊势神宫外宫,,Ise,伊势,Chubu,中部,shrine,神社,1,optional,F05 F15,LX001,
Ise Jingu Naiku (Inner Shrine),伊势神宫内宫,,Ise,伊势,Chubu,中部,shrine,神社,1,optional,F05 F15,LX001,
Okage Yokocho,托福横丁,,Ise,伊势,Chubu,中部,market,市场/美食,1,optional,F02,NT009,
Uji Bridge,宇治桥,,Ise,伊势,Chubu,中部,district,街区/城镇,1,optional,F05,GR001,
Wedded Rocks (Meoto Iwa),夫妇岩,,Ise,伊势,Chubu,中部,,,1,optional,F05 F15,LX001,
Ago Bay,英虞湾,,Kashikojima,贤岛,Chubu,中部,nature,自然景观,5,core,F05 F15,GR001 KM001 LX001 SL001 SL007,
Ago Bay cruise,英虞湾游船,英虞湾,Kashikojima (Ise-Shima),贤岛,Chubu,中部,nature,自然景观,1,optional,F05,GR101,Bay cruise among 60+ small islands.
Coastal viewpoints,海岸观景点,,Kashikojima (Ise-Shima),贤岛,Chubu,中部,viewpoint,观景,0,optional,,,Coastal viewpoints around Ise-Shima.
Ryokan stay,日式旅馆住宿,旅館,Kashikojima (Ise-Shima),贤岛,Chubu,中部,experience,体验/活动,0,optional,,,Ryokan stays listed among things to do.
Shimakaze train,观光特急 Shimakaze,しまかぜ,Kashikojima (Ise-Shima),贤岛,Chubu,中部,transport_experience,观光交通,0,optional,,,"Kintetsu luxury sightseeing limited express from Osaka-Namba, Kyoto and Kintetsu Nagoya to Kashikojima."
Shimakaze sightseeing limited express,观光特急 Shimakaze,,Kashikojima-Kyoto,贤岛,Chubu,中部,,,1,optional,F05 F15,LX001,
Kamikochi,上高地,,Matsumoto,松本,Chubu,中部,,,2,common,F12,NT004 NT104,
Matsumoto Castle,松本城,,Matsumoto,松本,Chubu,中部,castle,城堡/武家,2,common,F12,NT005 NT105,
Matsumoto,松本城,,Matsumoto,松本,Chubu,中部,,,1,optional,F12,NT004,
Utsukushigahara,美原高原,,Matsumoto,松本,Chubu,中部,,,1,optional,F12,NT004,
Wadakin (Matsusaka wagyu),和田金（松阪牛）,,Matsusaka,松阪,Chubu,中部,market,市场/美食,1,optional,F05 F15,LX001,
Brick theme park popular with children,积木主题乐园（名古屋乐高乐园）,,Nagoya,名古屋,Chubu,中部,theme_park,主题乐园,1,optional,F14,TP004,
Atsuta Jingu,热田神宫,熱田神宮,Nagoya,名古屋,Chubu,中部,shrine,神社,0,optional,,,One of Japan's most important shrines; enshrines the Kusanagi sword of the imperial regalia; camphor-forest grounds.
Ghibli Park,吉卜力公园,ジブリパーク,Nagoya,名古屋,Chubu,中部,theme_park,主题乐园,0,optional,,,Listed as 'Ghibli' for a second day.
Inuyama,犬山,犬山,Nagoya,名古屋,Chubu,中部,castle,城堡/武家,0,optional,,,Castle town listed as a second-day option.
Nabana no Sato illumination,名花之里灯光秀,なばなの里,Nagoya,名古屋,Chubu,中部,theme_park,主题乐园,0,optional,,,Winter illumination reachable from Nagoya; separate blog on dates and tickets.
Nagoya Castle and Hommaru Palace,名古屋城与本丸御殿,名古屋城 本丸御殿,Nagoya,名古屋,Chubu,中部,castle,城堡/武家,0,optional,,,Castle with the rebuilt Hommaru Palace.
Nagoya meshi,名古屋美食,名古屋めし,Nagoya,名古屋,Chubu,中部,food,美食,0,optional,,,"Local cuisine: miso katsu, hitsumabushi, tebasaki."
Osu shopping district,大须商店街,大須,Nagoya,名古屋,Chubu,中部,district,街区/城镇,0,optional,,,Shopping and temple district.
Tokugawa collection (Tokugawa Art Museum),德川美术馆,徳川美術館,Nagoya,名古屋,Chubu,中部,museum,博物馆/美术馆,0,optional,,,Listed as 'the Tokugawa collection'.
Toyota site,丰田产业技术纪念馆,,Nagoya,名古屋,Chubu,中部,museum,博物馆/美术馆,0,optional,,,'The Toyota site' listed for a second day.
New park themed on Japan's iconic animated films,吉卜力公园,,Nagoya (area),名古屋,Chubu,中部,nature,自然景观,1,optional,F14,TP004,
Shinhotaka,新穗高缆车,,Okuhida,奥飞驒温泉乡,Chubu,中部,,,1,optional,F12,NT004,
Shirakawa-go (optional day trip),白川乡,,Shirakawa-go,白川乡,Chubu,中部,,,14,core,F02 F03 F04 F05 F12,BF003 FG002 FG003 GR002 GR003 GR009 GR010 GR102 KA002 KM002 NT004 NT104 SL004 SL103,
Shirakawa-go gassho-zukuri village,白川乡合掌造村落,白川郷,Shirakawa-go (from Takayama),白川乡,Chubu,中部,district,街区/城镇,1,optional,F06,SL003,UNESCO farmhouse village visited as a day trip from Takayama.
Shirakawago,白川乡,,Shirakawa-go (listed in page description; presumably from Takayama),白川乡,Chubu,中部,,,1,optional,F05 F14,TP101,
Takayama old town,高山老街,古い町並,Takayama,高山,Chubu,中部,district,街区/城镇,4,core,F03,FG002 FG003 GR002 SL103,Preserved merchant houses in the Hida old town.
Takayama,高山,,Takayama,高山,Chubu,中部,,,1,optional,F12,NT004,
Festival floats exhibition hall,高山祭屋台会馆,高山祭屋台会館,Takayama,高山,Chubu,中部,museum,博物馆/美术馆,0,optional,,,Hall exhibiting the festival floats.
Hida Folk Village,飞驒之里,飛騨の里,Takayama,高山,Chubu,中部,museum,博物馆/美术馆,0,optional,,,Open-air village of relocated Hida farmhouses.
Shirakawa-go day trip,白川乡一日游,白川郷,Takayama,高山,Chubu,中部,district,街区/城镇,0,optional,,,Gassho-zukuri village 50 minutes away by bus or chartered taxi.
Takayama Festival,高山祭,高山祭,Takayama,高山,Chubu,中部,experience,体验/活动,0,optional,,,Spring festival April 14-15 and autumn festival October 9-10.
Takayama Jinya,高山阵屋,高山陣屋,Takayama,高山,Chubu,中部,museum,博物馆/美术馆,0,optional,,,Historic Edo-period government house.
Takayama morning markets,高山朝市,高山の朝市,Takayama,高山,Chubu,中部,market,市场/美食,0,optional,,,Two morning markets that have run for centuries.
Ama hut,海女小屋,,Toba,鸟羽,Chubu,中部,,,3,core,F05 F15,GR001 LX001 SL001,
Mikimoto Pearl Island,御木本真珠岛,ミキモト真珠島,Toba,鸟羽,Chubu,中部,museum,博物馆/美术馆,2,common,F05 F15,GR001 LX001,"Birthplace of cultured pearls, in Toba."
Toba,鸟羽,鳥羽,Toba,鸟羽,Chubu,中部,district,街区/城镇,1,optional,F02,NT009,Neighbouring port town reachable from Kashikojima.
Ama hut (pearl-diver hut) lunch,海女小屋午餐,,Toba / Ise-Shima,鸟羽,Chubu,中部,market,市场/美食,3,core,F05 F06,GR001 GR101 NT008,
Jigokudani Monkey Park,地狱谷野猿公苑,,Yamanouchi,山之内（汤田中/涩温泉）,Chubu,中部,onsen,温泉,2,common,F11,SK005 SK006,
Shiga Kogen ski area,志贺高原滑雪场,,Yamanouchi,山之内（汤田中/涩温泉）,Chubu,中部,ski,滑雪,2,common,F11,SK004 SK006,
Yudanaka Onsen,汤田中温泉,,Yamanouchi,山之内（汤田中/涩温泉）,Chubu,中部,onsen,温泉,2,common,F11,SK005 SK006,
Tomonoura historic port,鞆之浦历史港町,,Fukuyama (Tomonoura),福山,Chugoku,中国地方,district,街区/城镇,1,optional,F07,SE003,
Miyajima,宫岛,,Hiroshima,广岛,Chugoku,中国地方,,,7,core,F03 F04 F05 F13 F15,FG001 FG003 GR004 KA003 LX003 SL005 SL007,
Hiroshima Peace Memorial Park,广岛和平纪念公园,,Hiroshima,广岛,Chugoku,中国地方,nature,自然景观,6,core,F04 F05 F07 F15,BF004 GR004 GR005 KM002 LX003 SE003,
Itsukushima Shrine (Miyajima),严岛神社,厳島神社,Hiroshima,广岛,Chugoku,中国地方,shrine,神社,3,core,F04 F15,GR010 LX003 SL004,Home of the iconic 'floating' torii gate.
Miyajima / Itsukushima Shrine,宫岛·严岛神社,,Hiroshima,广岛,Chugoku,中国地方,shrine,神社,3,core,F03 F04 F15,GR005 GR009 LX003,
Atomic Bomb Dome,原爆圆顶,,Hiroshima,广岛,Chugoku,中国地方,,,1,optional,F04 F15,LX003,
Peace Memorial Park,广岛和平纪念公园,,Hiroshima,广岛,Chugoku,中国地方,nature,自然景观,1,optional,F04 F15,LX003,
Hiroshima Castle,广岛城,広島城,Hiroshima,广岛,Chugoku,中国地方,castle,城堡/武家,0,optional,,,Listed in the things-to-do blog title alongside the Peace Park.
Hiroshima-style okonomiyaki,广岛烧,広島風お好み焼き,Hiroshima,广岛,Chugoku,中国地方,food,美食,0,optional,,,"Layered-noodle okonomiyaki, called some of Japan's best."
Momijidani (Maple Valley),红叶谷公园,紅葉谷,Hiroshima,广岛,Chugoku,中国地方,nature,自然景观,0,optional,,,"Miyajima's maple valley, brilliant red in Oct-Nov."
Peace Boulevard,和平大道,平和大通り,Hiroshima,广岛,Chugoku,中国地方,viewpoint,观景,0,optional,,,Cherry blossoms late March to mid April.
Peace Memorial Park and Museum,广岛和平纪念公园与资料馆,平和記念公園,Hiroshima,广岛,Chugoku,中国地方,museum,博物馆/美术馆,0,optional,,,Described as one of the most powerful experiences in Japan.
Miyajima Island,宫岛,宮島,Hiroshima (Hatsukaichi),广岛,Chugoku,中国地方,nature,自然景观,2,common,F04,BF004 BF005,Shrine island reached from Hiroshima.
Kurashiki Bikan historical quarter,仓敷美观地区,,Kurashiki,仓敷,Chugoku,中国地方,district,街区/城镇,1,optional,F04,SL005,
Miyajima / Itsukushima floating shrine,宫岛·严岛神社海上鸟居,,Miyajima,宫岛,Chugoku,中国地方,shrine,神社,2,common,F05 F07,KM002 SE003,
Onomichi hillside streets,尾道坡道老街,,Onomichi,尾道,Chugoku,中国地方,district,街区/城镇,1,optional,F07,SE003,
Kamui Ski Links,神居滑雪场,,Asahikawa,旭川,Hokkaido,北海道,ski,滑雪,1,optional,F10,HK003,
Furano Ski Resort,富良野滑雪场,,Furano,富良野,Hokkaido,北海道,ski,滑雪,1,optional,F10,HK004,
Hachiman-zaka slope,八幡坂,,Hakodate,函馆,Hokkaido,北海道,district,街区/城镇,1,optional,F09,HD002,
Hakodate Morning Market,函馆朝市,,Hakodate,函馆,Hokkaido,北海道,market,市场/美食,1,optional,F09,HD002,
Mount Hakodate night view,函馆山夜景,,Hakodate,函馆,Hokkaido,北海道,nature,自然景观,1,optional,F09,HD002,
Lake Akan,阿寒湖,,Lake Akan,阿寒湖,Hokkaido,北海道,nature,自然景观,1,optional,F09,HD001,
Lake Kussharo,屈斜路湖,,Lake Kussharo,屈斜路湖,Hokkaido,北海道,nature,自然景观,1,optional,F09,HD001,
Lake Toya,洞爷湖,,Lake Toya,洞爷湖,Hokkaido,北海道,nature,自然景观,1,optional,F09,HD002,
Nayoro Piyashiri Ski Area,名寄 Piyashiri 滑雪场,,Nayoro,名寄,Hokkaido,北海道,ski,滑雪,1,optional,F10,HK003,
Noboribetsu Hell Valley,登别地狱谷,,Noboribetsu,登别温泉,Hokkaido,北海道,onsen,温泉,1,optional,F09,HD002,
Noboribetsu Onsen,登别温泉,,Noboribetsu,登别温泉,Hokkaido,北海道,onsen,温泉,1,optional,F10,HK008,
Otaru,小樽,,Otaru,小樽,Hokkaido,北海道,,,1,optional,F09,HD002,
Otaru Canal,小樽运河,,Otaru,小樽,Hokkaido,北海道,district,街区/城镇,1,optional,F09,HD002,
Pippu Ski Area,比布滑雪场,,Pippu,比布,Hokkaido,北海道,ski,滑雪,1,optional,F10,HK003,
Jozankei Onsen,定山溪温泉,,Sapporo,札幌,Hokkaido,北海道,onsen,温泉,1,optional,F10,HK006,
Shiretoko,知床观光船,,Shiretoko,知床,Hokkaido,北海道,,,1,optional,F09,HD001,
Sounkyo Gorge,层云峡,,Sounkyo,层云峡,Hokkaido,北海道,nature,自然景观,1,optional,F09,HD001,
Kanazawa,金泽城,,Kanazawa,金泽,Hokuriku,北陆,,,3,core,F05 F12 F15,LX001 NT005 NT105,
Kenroku-en Garden,兼六园,,Kanazawa,金泽,Hokuriku,北陆,garden,庭园,2,common,F02 F03,BF002 SL103,
Kenrokuen Garden,兼六园,兼六園,Kanazawa,金泽,Hokuriku,北陆,garden,庭园,2,common,F02 F03,GR003 GR006,The city's landmark garden.
21st Century Museum of Contemporary Art,金泽 21 世纪美术馆,金沢21世紀美術館,Kanazawa,金泽,Hokuriku,北陆,museum,博物馆/美术馆,1,optional,F02,BF002,Contemporary art museum.
"Geisha districts (Higashi Chaya etc., per page summary 'geisha districts')",茶屋街（东茶屋街等）,,Kanazawa,金泽,Hokuriku,北陆,district,街区/城镇,1,optional,F02,BF002,
Kanazawa Castle,金泽城,,Kanazawa,金泽,Hokuriku,北陆,castle,城堡/武家,1,optional,F03,GR003,
Kanazawa Castle Park,金泽城公园,金沢城公園,Kanazawa,金泽,Hokuriku,北陆,castle,城堡/武家,1,optional,F02,BF002,Castle park next door to Kenrokuen.
Kenroku-en,兼六园,,Kanazawa,金泽,Hokuriku,北陆,garden,庭园,1,optional,F04,SL005,
Nagamachi Samurai District,长町武家屋敷,長町武家屋敷跡,Kanazawa,金泽,Hokuriku,北陆,district,街区/城镇,1,optional,F03,SL103,Preserved samurai residences and earthen walls.
Higashi Chaya district,东茶屋街,ひがし茶屋街,Kanazawa,金泽,Hokuriku,北陆,district,街区/城镇,0,optional,,,Geisha teahouse district.
Myoryuji (Ninja Temple),妙立寺（忍者寺）,妙立寺,Kanazawa,金泽,Hokuriku,北陆,temple,寺院,0,optional,,,Temple known as the 'Ninja Temple'.
Omicho Market,近江町市场,近江町市場,Kanazawa,金泽,Hokuriku,北陆,market,市场/美食,0,optional,,,"Seafood market, recommended for breakfast."
Tateyama Kurobe Alpine Route,立山黑部阿尔卑斯路线,,Tateyama,立山,Hokuriku,北陆,nature,自然景观,2,common,F12,NT004 NT005,
Yuki-no-Otani snow corridor,雪之大谷,,Tateyama,立山,Hokuriku,北陆,ski,滑雪,2,common,F12,NT104 NT105,
Hikone Castle,彦根城,,Hikone,彦根,Kansai,关西,castle,城堡/武家,1,optional,F15,LX002,
Himeji Castle,姬路城,,Himeji,姬路,Kansai,关西,castle,城堡/武家,9,core,F03 F04 F05 F13,FG003 GR004 GR005 GR007 GR010 KA003 KM002 KM004 SL005,
Himeji Castle area,姬路城,,Himeji,姬路,Kansai,关西,castle,城堡/武家,1,optional,F05,SL007,
Kumano Kodo,熊野古道,,Hongu,熊野本宫,Kansai,关西,experience,体验/活动,4,core,F06,NT-?SACRED NT002 NT006 NT007,
Hosshinmon-oji – Kumano Hongu Taisha walk,发心门王子→熊野本宫大社徒步段,,Hongu,熊野本宫,Kansai,关西,shrine,神社,1,optional,F05 F06,NT008,
Kawayu Onsen,川汤温泉,,Hongu,熊野本宫,Kansai,关西,onsen,温泉,1,optional,F06,NT006,
Kinosaki Onsen public bathhouses,城崎温泉外汤,,Kinosaki Onsen,城崎温泉,Kansai,关西,onsen,温泉,1,optional,F04 F13,KM004,
Kinosaki Onsen town,城崎温泉,,Kinosaki Onsen,城崎温泉,Kansai,关西,onsen,温泉,1,optional,F04 F13,KA003,
Kitayama River IKADA rafting,北山川筏流,,Kitayama,北山村,Kansai,关西,transport_experience,观光交通,1,optional,F06,NT006,
Koyasan,高野山,,Koyasan,高野山,Kansai,关西,temple,寺院,4,core,F04 F05 F06 F13,GR001 KM004 NT007 SL001,
Koyasan / Fukuchi-in shukubo,高野山福智院宿坊,,Koyasan,高野山,Kansai,关西,temple,寺院,3,core,F05 F06,KM001 KM002 KM003,
Koyasan temple lodging,高野山宿坊,,Koyasan,高野山,Kansai,关西,temple,寺院,2,common,F06,NT002 NT006,
Koyasan shukubo,高野山宿坊,,Koyasan,高野山,Kansai,关西,temple,寺院,1,optional,F06,NT-?SACRED,
Koyasan temple complex / shukubo,高野山寺院群·宿坊,,Koyasan,高野山,Kansai,关西,temple,寺院,1,optional,F06,SL003,
Okunoin,奥之院,,Koyasan,高野山,Kansai,关西,temple,寺院,1,optional,F06,SL003,
Fukuchi-in,福智院（宿坊）,福智院,Koyasan,高野山,Kansai,关西,temple,寺院,0,optional,,,"Temple founded about 800 years ago, a few minutes' walk from Kongobuji; the site's booked shukubo."
Kongobuji,金刚峰寺,金剛峯寺,Koyasan,高野山,Kansai,关西,temple,寺院,0,optional,,,Head temple in the middle of town.
Okunoin cemetery,奥之院,奥之院,Koyasan,高野山,Kansai,关西,temple,寺院,0,optional,,,Vast forest cemetery; 'mystical Okunoin' explored on the Koyasan tour.
Shukubo temple stay,宿坊体验,宿坊,Koyasan,高野山,Kansai,关西,experience,体验/活动,0,optional,,,"Night in a working temple: tatami room, vegetarian dinner on lacquer trays, communal bath, chanted morning service."
Kumano Sanzan shrines,熊野三山,,Kumano,熊野,Kansai,关西,shrine,神社,1,optional,F02,NT009,
Arashiyama,岚山,嵐山,Kyoto,京都,Kansai,关西,district,街区/城镇,3,core,F02 F03 F04 F15,GR003 GR006 LX003,Western district with bamboo grove and river scenery; suggested as a base for a second visit.
Fushimi Inari Taisha,伏见稻荷大社,伏見稲荷大社,Kyoto,京都,Kansai,关西,shrine,神社,3,core,F02 F04 F05 F13 F14,BF002 KM004 TP101,Shrine of thousands of torii gates.
Kinkaku-ji Temple,金阁寺,金閣寺,Kyoto,京都,Kansai,关西,temple,寺院,3,core,F02 F04 F05 F14 F15,BF002 LX003 TP101,The Golden Pavilion.
Kyoto,京都,,Kyoto,京都,Kansai,关西,,,3,core,F05 F12 F15,LX001 NT005 NT105,
Fushimi,伏见,,Kyoto,京都,Kansai,关西,,,2,common,F04 F15,LX002 LX003,
Gion,祇园,祇園,Kyoto,京都,Kansai,关西,district,街区/城镇,2,common,F02 F04 F15,BF002 LX003,Traditional geisha district; recommended stay area for atmosphere (with southern Higashiyama).
Kinkakuji Temple,金阁寺,,Kyoto,京都,Kansai,关西,temple,寺院,2,common,F04 F05 F13 F14,KM004 TP101,
Kiyomizu-dera Temple,清水寺,清水寺,Kyoto,京都,Kansai,关西,temple,寺院,2,common,F02 F04 F15,BF002 LX003,Hillside temple above the Higashiyama slopes.
Sanzen-in (Ohara),三千院,,Kyoto,京都,Kansai,关西,temple,寺院,2,common,F04 F15,LX002 LX003,
Akame 48 Falls (ninja training),赤目四十八瀑（忍者修行）,,Kyoto,京都,Kansai,关西,nature,自然景观,1,optional,F05,FG005,
Arashiyama Bamboo Grove,岚山竹林,,Kyoto,京都,Kansai,关西,nature,自然景观,1,optional,F02,BF002,
Ginkaku-ji (Silver Pavilion),银阁寺,,Kyoto,京都,Kansai,关西,temple,寺院,1,optional,F04 F15,LX003,
Ise Jingu Inner Shrine (Naiku),伊势神宫内宫,,Kyoto,京都,Kansai,关西,shrine,神社,1,optional,F05 F15,LX001,
Ise Jingu Outer Shrine (Geku),伊势神宫外宫,,Kyoto,京都,Kansai,关西,shrine,神社,1,optional,F05 F15,LX001,
Kawadoko dining,川床料理,,Kyoto,京都,Kansai,关西,market,市场/美食,1,optional,F06,NT006,
Kyoto gardens,京都庭园,,Kyoto,京都,Kansai,关西,garden,庭园,1,optional,F05,KM002,
Mount Hiei,比叡山,,Kyoto,京都,Kansai,关西,nature,自然景观,1,optional,F04 F15,LX003,
Nijo Castle,二条城,二条城,Kyoto,京都,Kansai,关西,castle,城堡/武家,1,optional,F05 F14,TP101,Shogunate castle in central Kyoto.
Nishiki Market,锦市场,錦市場,Kyoto,京都,Kansai,关西,market,市场/美食,1,optional,F02,BF002,Downtown food market.
Ohara,大原,,Kyoto,京都,Kansai,关西,,,1,optional,F15,LX002,
Ryoan-ji,龙安寺,,Kyoto,京都,Kansai,关西,temple,寺院,1,optional,F04 F15,LX003,
Ryoan-ji rock garden,龙安寺石庭,,Kyoto,京都,Kansai,关西,temple,寺院,1,optional,F04 F15,LX003,
Sanzen-in (Ohara) moss garden,大原三千院苔庭,,Kyoto,京都,Kansai,关西,temple,寺院,1,optional,F15,LX002,
Yasaka Shrine,八坂神社,,Kyoto,京都,Kansai,关西,shrine,神社,1,optional,F02,BF002,
Higashiyama slopes,东山坂道（二年坂·三年坂）,東山,Kyoto,京都,Kansai,关西,district,街区/城镇,0,optional,,,Preserved lanes leading up to Kiyomizu-dera.
Kyoto Station area,京都站周边,京都駅,Kyoto,京都,Kansai,关西,district,街区/城镇,0,optional,,,Most convenient base for day trips and the Shinkansen (first-time visitors).
Shijo-Kawaramachi,四条河原町,四条河原町,Kyoto,京都,Kansai,关西,district,街区/城镇,0,optional,,,Downtown area recommended for food and evenings.
Akame 48 Falls ninja training,赤目四十八瀑忍者修行,,Nabari,名张,Kansai,关西,nature,自然景观,1,optional,F05,FG005,
Cave onsen,洞窟温泉,,Nachikatsuura,那智胜浦,Kansai,关西,onsen,温泉,1,optional,F06,NT-?SACRED,
Kumano Nachi Taisha,熊野那智大社,,Nachikatsuura,那智胜浦,Kansai,关西,shrine,神社,1,optional,F06,NT006,
Nachi Falls,那智瀑布,,Nachikatsuura,那智胜浦,Kansai,关西,nature,自然景观,1,optional,F02,NT009,
Nachi Falls / Kumano Nachi Taisha,那智瀑布·熊野那智大社,,Nachikatsuura,那智胜浦,Kansai,关西,shrine,神社,1,optional,F05 F06,NT008,
Kasuga Taisha,春日大社,春日大社,Nara,奈良,Kansai,关西,shrine,神社,1,optional,F05 F14,TP101,"Shrine with 3,000 stone and bronze lanterns; maple-lined approach in autumn."
Nara (temples & cherry spots via Kintetsu Railway),奈良公园,,Nara,奈良,Kansai,关西,temple,寺院,1,optional,F01,KR003,
Nara Park,奈良公园,奈良公園,Nara,奈良,Kansai,关西,nature,自然景观,1,optional,F02,GR006,"Over 1,200 semi-wild sika deer roam freely and bow for crackers."
Todai-ji Temple,东大寺,東大寺,Nara,奈良,Kansai,关西,temple,寺院,1,optional,F05 F14,TP101,Houses the world's largest bronze Buddha in one of the world's largest wooden buildings.
UNESCO World Heritage sites of Nara,奈良世界遗产群,,Nara,奈良,Kansai,关西,,,1,optional,F05 F14,TP101,
Mount Yoshino,吉野山,吉野山,Nara,奈良,Kansai,关西,nature,自然景观,0,optional,,,Nearby cherry-blossom mountain (late March - mid April).
Omihachiman canal town,近江八幡水乡,,Omihachiman,近江八幡,Kansai,关西,district,街区/城镇,1,optional,F15,LX002,
Universal City theme park,日本环球影城,,Osaka,大阪,Kansai,关西,theme_park,主题乐园,5,core,F03 F04 F05 F14,TP001 TP002 TP003 TP101 TP102,
Osaka Castle,大阪城,大阪城,Osaka,大阪,Kansai,关西,castle,城堡/武家,1,optional,F02,GR006,Towering castle; the park is a cherry-blossom spot in late March-April.
Osaka street food,大阪街头小吃,,Osaka,大阪,Kansai,关西,market,市场/美食,1,optional,F03,FG002,
Universal City theme-park area,环球城乐园区,,Osaka,大阪,Kansai,关西,theme_park,主题乐园,1,optional,F14,FG004,
Universal City – Hollywood-themed movie park,日本环球影城,,Osaka,大阪,Kansai,关西,theme_park,主题乐园,1,optional,F14,TP004,
Universal Studios Japan,日本环球影城,,Osaka,大阪,Kansai,关西,theme_park,主题乐园,1,optional,F05 F14,TP101,
Dotonbori,道顿堀,道頓堀,Osaka,大阪,Kansai,关西,food,美食,0,optional,,,Neon-lit canal district famous for street food.
Ebisubashi Bridge,戎桥,戎橋,Osaka,大阪,Kansai,关西,viewpoint,观景,0,optional,,,"Bridge over the Dotonbori canal, classic photo spot."
Kuromon Market,黑门市场,黒門市場,Osaka,大阪,Kansai,关西,market,市场/美食,0,optional,,,Fresh sashimi and grilled seafood market.
Osaka Castle Park,大阪城,大阪城公園,Osaka,大阪,Kansai,关西,nature,自然景观,0,optional,,,"Park around the castle, cherry blossoms in spring."
Tenjin Matsuri,天神祭,天神祭,Osaka,大阪,Kansai,关西,experience,体验/活动,0,optional,,,"Late-July festival, described as one of Japan's top three."
Osaka or Nara (free-day option),大阪或奈良（自由日可选）,,Osaka/Nara,大阪,Kansai,关西,,,1,optional,F05,FG005,
Ishiyama-dera,石山寺,,Otsu,大津,Kansai,关西,temple,寺院,1,optional,F15,LX002,
Lake Biwa,琵琶湖,,Otsu,大津,Kansai,关西,nature,自然景观,1,optional,F15,LX002,
Lake Biwa Michigan cruise,琵琶湖密歇根号游船,,Otsu,大津,Kansai,关西,nature,自然景观,1,optional,F15,LX002,
Mii-dera,三井寺,,Otsu,大津,Kansai,关西,temple,寺院,1,optional,F15,LX002,
Enryaku-ji (Mount Hiei),延历寺,,Otsu/Kyoto,大津,Kansai,关西,temple,寺院,1,optional,F04 F15,LX003,
Dorokyo Gorge cruise,瀞峡,,Shingu,新宫,Kansai,关西,nature,自然景观,2,common,F05 F06,NT-?SACRED NT008,
Kumano Hayatama Taisha,熊野速玉大社,,Shingu,新宫,Kansai,关西,shrine,神社,1,optional,F05 F06,NT008,
Shirahama,白滨,,Shirahama,白滨,Kansai,关西,,,1,optional,F06,NT007,
Ryujin Onsen,龙神温泉,,Tanabe,田边,Kansai,关西,onsen,温泉,1,optional,F06,NT-?SACRED,
Uji,宇治,,Uji,宇治,Kansai,关西,,,2,common,F04 F15,LX002 LX003,
Hakone,箱根空中缆车,,Hakone,箱根,Kanto,关东,,,3,core,F03 F04 F05,FG001 FG002 SL007,
Lake Ashi / Mount Fuji views,芦之湖·富士山景观,,Hakone,箱根,Kanto,关东,nature,自然景观,2,common,F03 F05,GR007 GR009,
Mt. Fuji views,富士山景观,,Hakone,箱根,Kanto,关东,nature,自然景观,1,optional,F03,FG002,
The Fujiya Hotel (Miyanoshita),富士屋酒店（宫之下）,,Hakone,箱根,Kanto,关东,,,1,optional,F05,GR107,
Hakone Freepass,箱根周游券,箱根フリーパス,Hakone,箱根,Kanto,关东,transport_experience,观光交通,0,optional,,,"Covers train, cable car, ropeway, pirate ship and buses."
Hakone Loop,箱根周游线,,Hakone,箱根,Kanto,关东,transport_experience,观光交通,0,optional,,,"Circuit done counter-clockwise: up by rail, across by ropeway and boat, back by bus; takes most of a day."
Hakone Ropeway,箱根空中缆车,箱根ロープウェイ,Hakone,箱根,Kanto,关东,transport_experience,观光交通,0,optional,,,"Gondolas about every minute across the ridge to Owakudani, then down to Togendai."
Hakone Shrine torii gate,箱根神社平和鸟居,箱根神社,Hakone,箱根,Kanto,关东,shrine,神社,0,optional,,,Shrine gate standing in the water of Lake Ashi.
Hakone Sightseeing Cruise (pirate ships),芦之湖海贼观光船,箱根海賊船,Hakone,箱根,Kanto,关东,transport_experience,观光交通,0,optional,,,Togendai to Hakone-machi / Moto-Hakone in 25-40 minutes on pirate-ship-styled boats.
Hakone museums,箱根美术馆群,,Hakone,箱根,Kanto,关东,museum,博物馆/美术馆,0,optional,,,The area's 'fine museums' are part of the loop.
Lake Ashi,芦之湖,芦ノ湖,Hakone,箱根,Kanto,关东,nature,自然景观,0,optional,,,Crater lake with Mt Fuji behind it on a clear day.
Onsen night,温泉旅馆之夜,温泉,Hakone,箱根,Kanto,关东,onsen,温泉,0,optional,,,A night in the hot springs is the site's main recommendation.
Owakudani,大涌谷,大涌谷,Hakone,箱根,Kanto,关东,nature,自然景观,0,optional,,,Active volcanic valley reached by ropeway.
Harajuku,原宿,,Tokyo,东京,Kanto,关东,district,街区/城镇,3,core,F02 F05 F14 F15,BF002 LX001 TP101,
Asakusa,浅草,,Tokyo,东京,Kanto,关东,district,街区/城镇,2,common,F02 F05 F14,BF002 TP101,
Imperial Palace,皇居,,Tokyo,东京,Kanto,关东,,,2,common,F02 F05 F14,BF002 TP101,
Shibuya,涩谷,,Tokyo,东京,Kanto,关东,district,街区/城镇,2,common,F05 F14 F15,LX001 TP101,
Tokyo Skytree,东京晴空塔,,Tokyo,东京,Kanto,关东,viewpoint,观景,2,common,F02 F05 F14,BF002 TP101,
Asakusa / Senso-ji,浅草·浅草寺,,Tokyo,东京,Kanto,关东,temple,寺院,1,optional,F05 F15,LX001,
Ginza,银座,,Tokyo,东京,Kanto,关东,district,街区/城镇,1,optional,F15,LX002,
Hotel Chinzanso gardens,椿山庄庭园,,Tokyo,东京,Kanto,关东,garden,庭园,1,optional,F15,LX002,
Imperial Palace gardens,皇居,,Tokyo,东京,Kanto,关东,garden,庭园,1,optional,F05 F15,LX001,
Kabuki-za,歌舞伎座,,Tokyo,东京,Kanto,关东,museum,博物馆/美术馆,1,optional,F15,LX002,
Senso-ji / Asakusa,浅草寺·浅草,,Tokyo,东京,Kanto,关东,temple,寺院,1,optional,F05 F15,LX001,
Sensoji Temple,浅草寺,,Tokyo,东京,Kanto,关东,temple,寺院,1,optional,F02,BF002,
Shibuya Scramble Crossing,涩谷十字路口,,Tokyo,东京,Kanto,关东,district,街区/城镇,1,optional,F02,BF002,
Ghibli Museum,三鹰之森吉卜力美术馆,三鷹の森ジブリ美術館,Tokyo,东京,Kanto,关东,museum,博物馆/美术馆,0,optional,,,Studio Ghibli museum in Mitaka; needs advance booking.
Hakone day trip,箱根一日游,箱根,Tokyo,东京,Kanto,关东,onsen,温泉,0,optional,,,Hakone day trip listed as an alternative add-on from Tokyo.
Meiji Shrine,明治神宫,明治神宮,Tokyo,东京,Kanto,关东,shrine,神社,0,optional,,,Forested Shinto shrine next to Harajuku.
Mt Fuji day trip,富士山一日游,富士山,Tokyo,东京,Kanto,关东,nature,自然景观,0,optional,,,Mt Fuji day trips are listed as a Tokyo add-on for five-day stays.
Observation decks,观景台,,Tokyo,东京,Kanto,关东,viewpoint,观景,0,optional,,,City observation decks are listed among first-trip essentials.
Senso-ji Temple,浅草寺,浅草寺,Tokyo,东京,Kanto,关东,temple,寺院,0,optional,,,"Asakusa's historic temple, listed first among the site's best things to do on a first trip."
Shibuya Crossing,涩谷十字路口,渋谷スクランブル交差点,Tokyo,东京,Kanto,关东,district,街区/城镇,0,optional,,,The famous scramble crossing in Shibuya.
Shibuya Sky,Shibuya Sky 观景台,渋谷スカイ,Tokyo,东京,Kanto,关东,viewpoint,观景,0,optional,,,Rooftop observation deck above Shibuya Crossing.
Shinjuku,新宿,新宿,Tokyo,东京,Kanto,关东,district,街区/城镇,0,optional,,,Major entertainment and transport district.
Sumo,相扑,相撲,Tokyo,东京,Kanto,关东,experience,体验/活动,0,optional,,,Watching sumo is listed as a Tokyo experience.
Tokyo Disney Resort,东京迪士尼度假区,東京ディズニーリゾート,Tokyo,东京,Kanto,关东,theme_park,主题乐园,0,optional,,,Listed simply as 'Disney' among Tokyo's big experiences.
Tsukiji,筑地,築地,Tokyo,东京,Kanto,关东,market,市场/美食,0,optional,,,Tsukiji outer market food area.
Two theme resorts on the Maihama coastline (Tokyo Bay),东京迪士尼度假区（舞滨两园）,,Tokyo Bay / Maihama,东京湾,Kanto,关东,nature,自然景观,1,optional,F14,TP004,
Tokyo Bay theme-park area (Maihama),东京湾乐园区（舞滨）,,Urayasu,浦安,Kanto,关东,nature,自然景观,1,optional,F14,FG004,
Aso-Kuju National Park,阿苏九重国立公园,,Aso,阿苏,Kyushu,九州,nature,自然景观,1,optional,F08,KY003,
Kusasenri,草千里,,Aso,阿苏,Kyushu,九州,,,1,optional,F08,KY003,
Mount Aso,阿苏山,,Aso,阿苏,Kyushu,九州,nature,自然景观,1,optional,F08,KY003,
Nakadake Crater,阿苏中岳火口,,Aso,阿苏,Kyushu,九州,nature,自然景观,1,optional,F08,KY003,
Beppu Hells (Jigoku Meguri),别府地狱巡游,,Beppu,别府,Kyushu,九州,onsen,温泉,1,optional,F08,KY003,
Beppu Onsen,别府温泉,,Beppu,别府,Kyushu,九州,onsen,温泉,1,optional,F08,KY003,
Chiran Samurai Residences,知览武家屋敷,,Chiran,知览,Kyushu,九州,castle,城堡/武家,1,optional,F08,KY003,
Fukuoka yatai street-food stalls,福冈屋台,,Fukuoka,福冈,Kyushu,九州,market,市场/美食,1,optional,F04,BF005,
Solaria Nishitetsu Hotel Fukuoka (or similar) – hotel,（酒店）Solaria 西铁福冈,,Fukuoka,福冈,Kyushu,九州,,,1,optional,F05,GR108,
Yatai (Nakasu food stalls),福冈屋台,,Fukuoka,福冈,Kyushu,九州,market,市场/美食,1,optional,F08,KY003,
Yatai street food stalls,屋台,,Fukuoka,福冈,Kyushu,九州,market,市场/美食,1,optional,F04,SL004,
Canal City Hakata,博多运河城,キャナルシティ博多,Fukuoka,福冈,Kyushu,九州,district,街区/城镇,0,optional,,,Shopping and entertainment complex.
Dazaifu,太宰府,太宰府,Fukuoka,福冈,Kyushu,九州,shrine,神社,0,optional,,,Day trip (Dazaifu Tenmangu area).
Fukuoka Castle ruins,福冈城迹,福岡城跡,Fukuoka,福冈,Kyushu,九州,castle,城堡/武家,0,optional,,,Castle ruins next to Ohori Park.
Hakata ramen,博多拉面,博多ラーメン,Fukuoka,福冈,Kyushu,九州,food,美食,0,optional,,,Tonkotsu ramen originated here.
Kushida Shrine,栉田神社,櫛田神社,Fukuoka,福冈,Kyushu,九州,shrine,神社,0,optional,,,Central Hakata shrine.
Nanzoin,南藏院（卧佛）,南蔵院,Fukuoka,福冈,Kyushu,九州,temple,寺院,0,optional,,,Temple day trip from Fukuoka.
Ohori Park,大濠公园,大濠公園,Fukuoka,福冈,Kyushu,九州,garden,庭园,0,optional,,,"Large pond with stone bridges, the Ukimido pavilion, swan boats and a loop path."
Yanagawa,柳川,柳川,Fukuoka,福冈,Kyushu,九州,experience,体验/活动,0,optional,,,Canal town day trip.
Yatai food stalls,屋台,屋台,Fukuoka,福冈,Kyushu,九州,food,美食,0,optional,,,About a hundred open-air food stalls set up along the river every evening.
Ibusuki no Tamatebako,观光列车「指宿之玉手箱」,,Ibusuki,指宿,Kyushu,九州,,,1,optional,F08,KY003,
Ibusuki sand bath,指宿砂蒸温泉,,Ibusuki,指宿,Kyushu,九州,onsen,温泉,1,optional,F08,KY003,
Sakurajima,樱岛,,Kagoshima,鹿儿岛,Kyushu,九州,,,1,optional,F08,KY003,
Sengan-en Garden,仙岩园,,Kagoshima,鹿儿岛,Kyushu,九州,garden,庭园,1,optional,F08,KY003,
Suizenji Jojuen Garden,水前寺成趣园,,Kumamoto,熊本,Kyushu,九州,garden,庭园,1,optional,F08,KY003,
Suizenji Park (Suizenji Jojuen),水前寺成趣园,,Kumamoto,熊本,Kyushu,九州,nature,自然景观,1,optional,F08,KY003,
Huis Ten Bosch,豪斯登堡,,Sasebo (Nagasaki Pref.),佐世保,Kyushu,九州,theme_park,主题乐园,1,optional,F08,KY002,
Manai Falls,真名井瀑布,,Takachiho,高千穗,Kyushu,九州,nature,自然景观,1,optional,F08,KY003,
Takachiho Gorge,高千穗峡,,Takachiho,高千穗,Kyushu,九州,nature,自然景观,1,optional,F08,KY003,
Yanagawa canal cruise (donko boat),柳川川下り游船,,Yanagawa (Fukuoka),柳川,Kyushu,九州,transport_experience,观光交通,1,optional,F04,GR010,
Naoshima art island,直岛艺术岛,,Naoshima,直岛,Setouchi,濑户内,nature,自然景观,4,core,F04,GR004 GR005 SL004 SL005,
Naoshima - Yayoi Kusama 'Red Pumpkin' and contemporary art museums,直岛草间弥生红南瓜与当代美术馆,,Naoshima,直岛,Setouchi,濑户内,museum,博物馆/美术馆,1,optional,F04,GR010,
Dogo Onsen,道后温泉,,Matsuyama,松山,Shikoku,四国,onsen,温泉,1,optional,F07,SE003,
Matsuyama historic streets,松山历史街区,,Matsuyama,松山,Shikoku,四国,district,街区/城镇,1,optional,F07,SE003,
Zao Onsen ski resort,藏王温泉滑雪场,,Zao,藏王温泉,Tohoku,东北,ski,滑雪,3,core,F11,SK002 SK004 SK102,
Nakasendo,中山道,,,,,,experience,体验/活动,1,optional,F06,NT002,
