code,series,series_cn,title_en,title_cn,days,nights,route,route_cn,price_min,price_max,currency,themes,season,arrival,departure,day_by_day_days,confidence,url
BF001,BF,基础精选（7天）,Japan Golden Route Highlights,日本黄金路线精华,7,6,Tokyo (2N) > Kyoto (2N) > Osaka (2N),TOKYO 东京 (2N) > KYOTO 京都 (2N) > OSAKA 大阪 (2N),1200,1800,USD,Golden Route; World Heritage & National Treasures,,Tokyo (Haneda/Narita),,7,high,https://selfguidejapan.com/tours/BF001
BF002,BF,基础精选（7天）,Traditions & Gardens of Japan,日本传统与庭园,7,6,Tokyo (2N) > Kanazawa (2N) > Kyoto (2N),TOKYO 东京 (2N) > KANAZAWA 金泽 (2N) > KYOTO 京都 (2N),1200,1800,USD,Golden Route; World Heritage & National Treasures,,Tokyo (Haneda/Narita),,7,high,https://selfguidejapan.com/tours/BF002
BF003,BF,基础精选（7天）,Historic Towns & Mountain Heritage,历史小镇与山岳遗产,7,6,Tokyo (2N) > Takayama (2N) > Kyoto (2N),TOKYO 东京 (2N) > TAKAYAMA 高山 (2N) > KYOTO 京都 (2N),1300,1900,USD,Golden Route; World Heritage & National Treasures,,Tokyo (Haneda/Narita),,7,high,https://selfguidejapan.com/tours/BF003
BF004,BF,基础精选（7天）,Japan History & Modern Cities,日本历史与现代都市,7,6,Tokyo (2N) > Hiroshima (2N) > Osaka (2N),TOKYO 东京 (2N) > HIROSHIMA 广岛 (2N) > OSAKA 大阪 (2N),1400,1900,USD,Golden Route; World Heritage & National Treasures,,Tokyo (Haneda/Narita),,7,high,https://selfguidejapan.com/tours/BF004
BF005,BF,基础精选（7天）,From Tokyo to Kyushu Journey,从东京到九州之旅,7,6,Tokyo (2N) > Hiroshima (2N) > Fukuoka (2N),TOKYO 东京 (2N) > HIROSHIMA 广岛 (2N) > FUKUOKA 福冈 (2N),1500,2000,USD,Golden Route; World Heritage & National Treasures,,Tokyo (Haneda/Narita),,7,high,https://selfguidejapan.com/tours/BF005
EX002,EX,EX,Signature Japan Experiences & Scenic Stays,日本招牌体验与风景住宿,9,8,Tokyo (1N) > Nihondaira (1N) > Inuyama (1N) > Takayama (2N) > Yudanaka Onsen (1N) > Tokyo (2N),TOKYO 东京 (1N) > NIHONDAIRA 日本平（静冈） (1N) > INUYAMA 犬山 (1N) > TAKAYAMA 高山 (2N) > YUDANAKA ONSEN 汤田中温泉 (1N) > TOKYO 东京 (2N),4000,4700,USD,World Heritage & National Treasures; Hidden Gems; Onsen & Relaxation,,Tokyo (Haneda/Narita),,9,high,https://selfguidejapan.com/tours/EX002
EX003,EX,EX,Zen & Mt. Fuji Experience,禅与富士山体验,7,6,Tokyo (2N) > Hakone (1N) > Nihondaira (1N) > Kyoto (2N),TOKYO 东京 (2N) > HAKONE 箱根 (1N) > NIHONDAIRA 日本平（静冈） (1N) > KYOTO 京都 (2N),3000,3700,USD,Onsen & Relaxation; Art & Culture,,Tokyo (Haneda/Narita),,7,high,https://selfguidejapan.com/tours/EX003
EX004,EX,EX,"Gourmet Rail Journey: Fuji, Ise & Kanazawa",美食铁道之旅：富士、伊势与金泽,10,9,Tokyo (1N) > Nihondaira (1N) > Kashikojima (1N) > Kyoto (2N) > Kanazawa (2N) > Tokyo (2N),TOKYO 东京 (1N) > NIHONDAIRA 日本平（静冈） (1N) > KASHIKOJIMA 贤岛 (1N) > KYOTO 京都 (2N) > KANAZAWA 金泽 (2N) > TOKYO 东京 (2N),4300,5200,USD,Golden Route; Art&Culture,,Tokyo (Haneda/Narita),,10,high,https://selfguidejapan.com/tours/EX004
EX005,EX,EX,Gourmet Rail Journey: Restaurant Train & Regional Flavors,美食铁道之旅：餐厅列车与地方风味,9,8,Tokyo (1N) > Kinosaki (1N) > Osaka (2N) > Kashikojima (1N) > Nagoya (1N) > Tokyo (5N),TOKYO 东京 (1N) > KINOSAKI 城崎温泉 (1N) > OSAKA 大阪 (2N) > KASHIKOJIMA 贤岛 (1N) > NAGOYA 名古屋 (1N) > TOKYO 东京 (5N),3700,4400,USD,Golden Route; Art&Culture,,Tokyo (Haneda/Narita),,9,high,https://selfguidejapan.com/tours/EX005
FG001,FG,家庭亲子,Family Holidays: Shared Journey Through Japan’s Classics,家庭假期：共游日本经典,13,12,Tokyo (3N) > Hiroshima (2N) > Kyoto (4N) > Hakone (1N) > Tokyo (2N),TOKYO 东京 (3N) > HIROSHIMA 广岛 (2N) > KYOTO 京都 (4N) > HAKONE 箱根 (1N) > TOKYO 东京 (2N),2700,4100,USD,Family,,Tokyo (Haneda/Narita),,13,high,https://selfguidejapan.com/tours/FG001
FG002,FG,家庭亲子,Family Holidays: Family Journey to Japan's Classics,家庭假期：日本经典亲子之旅,13,12,Tokyo (3N) > Hakone (1N) > Osaka-Namba or Osaka Shinsaibashi (4N) > Takayama (2N) > Tokyo (2N),TOKYO 东京 (3N) > HAKONE 箱根 (1N) > OSAKA-NAMBA OR OSAKA SHINSAIBASHI 大阪 (4N) > TAKAYAMA 高山 (2N) > TOKYO 东京 (2N),2900,4300,USD,Family,,Tokyo (Haneda/Narita),,13,high,https://selfguidejapan.com/tours/FG002
FG003,FG,家庭亲子,"Family Holidays: Castles, Villages & Sacred Shrines Together",家庭假期：名城、村落与神社,13,12,Tokyo (2N) > Takayama (2N) > Kyoto (4N) > Hiroshima (2N) > Tokyo (2N),TOKYO 东京 (2N) > TAKAYAMA 高山 (2N) > KYOTO 京都 (4N) > HIROSHIMA 广岛 (2N) > TOKYO 东京 (2N),2800,4300,USD,Family,,Tokyo (Haneda/Narita),,13,high,https://selfguidejapan.com/tours/FG003
FG004,FG,家庭亲子,"Family Holidays: Tokyo Bay, Creative Parks & Osaka Thrills",家庭假期：东京湾乐园、创意乐园与大阪刺激之旅,9,8,Maihama (3N) > Nagoya (2N) > Osaka (Universal City) (3N),MAIHAMA 舞滨 (3N) > NAGOYA 名古屋 (2N) > OSAKA (UNIVERSAL CITY) 大阪 (3N),2000,3500,USD,Theme Parks; Family,,Tokyo (Haneda/Narita),,9,high,https://selfguidejapan.com/tours/FG004
FG005,FG,家庭亲子,Family-Friendly Japan Holiday: Ninja Adventure,亲子日本假期：忍者冒险,9,8,Tokyo (2N) > Kashikojima (2N) > Kyoto (4N),TOKYO 东京 (2N) > KASHIKOJIMA 贤岛 (2N) > KYOTO 京都 (4N),3200,4200,USD,Nature & Outdoors; Hidden Gems; Art & Culture; Family,,Tokyo (Haneda/Narita),,9,high,https://selfguidejapan.com/tours/FG005
GR001,GR,黄金路线,Hidden Gems of Japan: Ise-Shima Escape,日本秘境：伊势志摩之旅,12,11,Tokyo (2N) > Nagoya (1N) > Ise-Shima (1N) > Osaka (3N) > Kyoto (2N) > Tokyo (2N),TOKYO 东京 (2N) > NAGOYA 名古屋 (1N) > ISE-SHIMA 伊势志摩 (1N) > OSAKA 大阪 (3N) > KYOTO 京都 (2N) > TOKYO 东京 (2N),3300,4400,USD,World Heritage & National Treasures; Golden Route; Nature & Outdoors; Art & Culture,,Tokyo (Haneda/Narita),,12,high,https://selfguidejapan.com/tours/GR001
GR002,GR,黄金路线,Japan Highlights & World Heritage,日本精华与世界遗产,12,11,Tokyo (2N) > Takayama (2N) > Kyoto (3N) > Nara (2N) > Tokyo (2N),TOKYO 东京 (2N) > TAKAYAMA 高山 (2N) > KYOTO 京都 (3N) > NARA 奈良 (2N) > TOKYO 东京 (2N),3300,4800,USD,World Heritage & National Treasures; Golden Route,,Tokyo (Haneda/Narita),,12,high,https://selfguidejapan.com/tours/GR002
GR003,GR,黄金路线,Timeless Traditions: Kanazawa & Hida Journey,永恒传统：金泽与飞驒之旅,12,11,Tokyo (2N) > Kanazawa (2N) > Kyoto (3N) > Takayama (2N) > Tokyo (2N),TOKYO 东京 (2N) > KANAZAWA 金泽 (2N) > KYOTO 京都 (3N) > TAKAYAMA 高山 (2N) > TOKYO 东京 (2N),3200,4700,USD,World Heritage & National Treasures; Golden Route,,Tokyo (Haneda/Narita),,12,high,https://selfguidejapan.com/tours/GR003
GR004,GR,黄金路线,Scenic Japan: Culture & Countryside,风景日本：文化与乡野,15,14,Tokyo (2N) > Okayama (2N) > Hiroshima (2N) > Fukuoka (2N) > Osaka (2N) > Takayama (2N) > Tokyo (2N),TOKYO 东京 (2N) > OKAYAMA 冈山 (2N) > HIROSHIMA 广岛 (2N) > FUKUOKA 福冈 (2N) > OSAKA 大阪 (2N) > TAKAYAMA 高山 (2N) > TOKYO 东京 (2N),4200,5900,USD,World Heritage & National Treasures; Golden Route,,Tokyo (Haneda/Narita),,15,high,https://selfguidejapan.com/tours/GR004
GR005,GR,黄金路线,Castles & Heritage of West Japan,西日本名城与遗产,15,14,Tokyo (2N) > Okayama (2N) > Hiroshima (2N) > Himeji (1N) > Kyoto (3N) > Kanazawa (2N) > Tokyo (2N),TOKYO 东京 (2N) > OKAYAMA 冈山 (2N) > HIROSHIMA 广岛 (2N) > HIMEJI 姬路 (1N) > KYOTO 京都 (3N) > KANAZAWA 金泽 (2N) > TOKYO 东京 (2N),3700,5400,USD,World Heritage & National Treasures; Golden Route,,Tokyo (Haneda/Narita),,15,high,https://selfguidejapan.com/tours/GR005
GR006,GR,黄金路线,Cultural Essence: Kyoto & Kanazawa Short Escape,文化精粹：京都金泽短旅,12,11,Tokyo (2N) > Osaka (2N) > Kyoto (3N) > Kanazawa (2N) > Tokyo (2N),TOKYO 东京 (2N) > OSAKA 大阪 (2N) > KYOTO 京都 (3N) > KANAZAWA 金泽 (2N) > TOKYO 东京 (2N),2800,4200,USD,Golden Route,,Tokyo (Haneda/Narita),,12,high,https://selfguidejapan.com/tours/GR006
GR007,GR,黄金路线,Sea of Serenity: Kashikojima & Cultural Japan,宁静之海：贤岛与文化日本,13,12,Tokyo (2N) > Hakone (1N) > Kashikojima (1N) > Kyoto (3N) > Okayama (1N) > Hiroshima (2N) > Tokyo (2N),TOKYO 东京 (2N) > HAKONE 箱根 (1N) > KASHIKOJIMA 贤岛 (1N) > KYOTO 京都 (3N) > OKAYAMA 冈山 (1N) > HIROSHIMA 广岛 (2N) > TOKYO 东京 (2N),3700,5200,USD,World Heritage & National Treasures; Golden Route; Onsen & Relaxation,,Tokyo (Haneda/Narita),,13,high,https://selfguidejapan.com/tours/GR007
GR008,GR,黄金路线,Taste Your Way through Japan,舌尖上的日本,16,15,Tokyo (2N) > Nagoya (1N) > Kashikojima (1N) > Kyoto (3N) > Hiroshima (2N) > Fukuoka (2N) > Osaka (2N) > Tokyo (2N),TOKYO 东京 (2N) > NAGOYA 名古屋 (1N) > KASHIKOJIMA 贤岛 (1N) > KYOTO 京都 (3N) > HIROSHIMA 广岛 (2N) > FUKUOKA 福冈 (2N) > OSAKA 大阪 (2N) > TOKYO 东京 (2N),4400,6100,USD,Art & Culture; Golden Route,,Tokyo (Haneda/Narita),,16,high,https://selfguidejapan.com/tours/GR008
GR009,GR,黄金路线,Spirit of Tradition: Shirakawa-go & Cultural Japan,传统之魂：白川乡与文化日本,14,13,Tokyo (2N) > Hakone (1N) > Takayama (2N) > Kyoto (3N) > Nara (1N) > Hiroshima (2N) > Tokyo (2N),TOKYO 东京 (2N) > HAKONE 箱根 (1N) > TAKAYAMA 高山 (2N) > KYOTO 京都 (3N) > NARA 奈良 (1N) > HIROSHIMA 广岛 (2N) > TOKYO 东京 (2N),4100,5900,USD,World Heritage & National Treasures; Golden Route; Onsen & Relaxation,,Tokyo (Haneda/Narita),,14,high,https://selfguidejapan.com/tours/GR009
GR010,GR,黄金路线,Cultural Odyssey: Tokyo to Fukuoka,文化长旅：东京到福冈,16,15,Tokyo (2N) > Takayama (2N) > Kyoto (3N) > Okayama (2N) > Fukuoka (2N) > Hiroshima (2N) > Tokyo (2N),TOKYO 东京 (2N) > TAKAYAMA 高山 (2N) > KYOTO 京都 (3N) > OKAYAMA 冈山 (2N) > FUKUOKA 福冈 (2N) > HIROSHIMA 广岛 (2N) > TOKYO 东京 (2N),4500,6200,USD,World Heritage & National Treasures; Golden Route,,Tokyo (Haneda/Narita),,16,high,https://selfguidejapan.com/tours/GR010
GR101,GR,黄金路线·豪华版,Hidden Gems of Japan: Ise-Shima Escape – Deluxe,日本秘境：伊势志摩之旅（豪华版）,12,11,Tokyo (2N) > Nagoya (1N) > Kashikojima (1N) > Osaka (3N) > Kyoto (2N) > Tokyo (2N),TOKYO 东京 (2N) > NAGOYA 名古屋 (1N) > KASHIKOJIMA 贤岛 (1N) > OSAKA 大阪 (3N) > KYOTO 京都 (2N) > TOKYO 东京 (2N),5900,7600,USD,World Heritage & National Treasures; Golden Route; Nature & Outdoors; Art & Culture,,Tokyo (Haneda/Narita),,12,high,https://selfguidejapan.com/tours/GR101
GR102,GR,黄金路线·豪华版,Japan Highlights & World Heritage – Deluxe,日本精华与世界遗产（豪华版）,12,11,Tokyo (2N) > Takayama (2N) > Kyoto (3N) > Nara (2N) > Tokyo (2N),TOKYO 东京 (2N) > TAKAYAMA 高山 (2N) > KYOTO 京都 (3N) > NARA 奈良 (2N) > TOKYO 东京 (2N),4200,5400,USD,World Heritage & National Treasures; Golden Route,,Tokyo (Haneda/Narita),,12,high,https://selfguidejapan.com/tours/GR102
GR103,GR,黄金路线·豪华版,Timeless Traditions: Kanazawa & Hida – Deluxe,永恒传统：金泽与飞驒（豪华版）,12,11,Tokyo (2N) > Kanazawa (2N) > Kyoto (3N) > Takayama (2N) > Tokyo (2N),TOKYO 东京 (2N) > KANAZAWA 金泽 (2N) > KYOTO 京都 (3N) > TAKAYAMA 高山 (2N) > TOKYO 东京 (2N),4500,6800,USD,World Heritage & National Treasures; Golden Route,,Tokyo (Haneda/Narita),,12,high,https://selfguidejapan.com/tours/GR103
GR104,GR,黄金路线·豪华版,Scenic Japan: Culture & Countryside – Deluxe,风景日本：文化与乡野（豪华版）,15,14,Tokyo (2N) > Okayama (2N) > Hiroshima (2N) > Fukuoka (2N) > Osaka (2N) > Takayama (2N) > Tokyo (2N),TOKYO 东京 (2N) > OKAYAMA 冈山 (2N) > HIROSHIMA 广岛 (2N) > FUKUOKA 福冈 (2N) > OSAKA 大阪 (2N) > TAKAYAMA 高山 (2N) > TOKYO 东京 (2N),5100,6600,USD,World Heritage & National Treasures; Golden Route,,Tokyo (Haneda/Narita),,15,high,https://selfguidejapan.com/tours/GR104
GR105,GR,黄金路线·豪华版,Castles & Heritage of West Japan – Deluxe,西日本名城与遗产（豪华版）,15,14,Tokyo (2N) > Okayama (2N) > Hiroshima (2N) > Himeji (1N) > Kyoto (3N) > Kanazawa (2N) > Tokyo (2N),TOKYO 东京 (2N) > OKAYAMA 冈山 (2N) > HIROSHIMA 广岛 (2N) > HIMEJI 姬路 (1N) > KYOTO 京都 (3N) > KANAZAWA 金泽 (2N) > TOKYO 东京 (2N),4400,5800,USD,World Heritage & National Treasures; Golden Route,,Tokyo (Haneda/Narita),,15,high,https://selfguidejapan.com/tours/GR105
GR106,GR,黄金路线·豪华版,Cultural Essence: Kyoto & Kanazawa Short Escape,文化精粹：京都金泽短旅,12,11,Tokyo (2N) > Osaka (2N) > Kyoto (3N) > Kanazawa (2N) > Tokyo (2N),TOKYO 东京 (2N) > OSAKA 大阪 (2N) > KYOTO 京都 (3N) > KANAZAWA 金泽 (2N) > TOKYO 东京 (2N),4300,6400,USD,Golden Route,,Tokyo (Haneda/Narita),,12,high,https://selfguidejapan.com/tours/GR106
GR107,GR,黄金路线·豪华版,Sea of Serenity: Kashikojima – Deluxe,宁静之海：贤岛（豪华版）,13,12,Tokyo (2N) > Hakone (1N) > Kashikojima (1N) > Kyoto (3N) > Okayama (1N) > Hiroshima (2N) > Tokyo (2N),TOKYO 东京 (2N) > HAKONE 箱根 (1N) > KASHIKOJIMA 贤岛 (1N) > KYOTO 京都 (3N) > OKAYAMA 冈山 (1N) > HIROSHIMA 广岛 (2N) > TOKYO 东京 (2N),4700,6400,USD,World Heritage & National Treasures; Golden Route; Onsen & Relaxation,,Tokyo (Haneda/Narita),,13,high,https://selfguidejapan.com/tours/GR107
GR108,GR,黄金路线·豪华版,Taste Your Way through Japan – Deluxe,舌尖上的日本（豪华版）,16,15,Tokyo (2N) > Nagoya (1N) > Kashikojima (1N) > Kyoto (3N) > Hiroshima (2N) > Fukuoka (2N) > Osaka (2N) > Tokyo (2N),TOKYO 东京 (2N) > NAGOYA 名古屋 (1N) > KASHIKOJIMA 贤岛 (1N) > KYOTO 京都 (3N) > HIROSHIMA 广岛 (2N) > FUKUOKA 福冈 (2N) > OSAKA 大阪 (2N) > TOKYO 东京 (2N),5500,7300,USD,Art & Culture; Golden Route,,Tokyo (Haneda/Narita),,16,high,https://selfguidejapan.com/tours/GR108
GR109,GR,黄金路线·豪华版,Spirit of Tradition: Shirakawa-go – Deluxe,传统之魂：白川乡（豪华版）,14,13,Tokyo (2N) > Hakone (1N) > Takayama (2N) > Kyoto (3N) > Nara (1N) > Hiroshima (2N) > Tokyo (2N),TOKYO 东京 (2N) > HAKONE 箱根 (1N) > TAKAYAMA 高山 (2N) > KYOTO 京都 (3N) > NARA 奈良 (1N) > HIROSHIMA 广岛 (2N) > TOKYO 东京 (2N),5000,6600,USD,World Heritage & National Treasures; Golden Route; Onsen & Relaxation,,Tokyo (Haneda/Narita),,14,high,https://selfguidejapan.com/tours/GR109
GR110,GR,黄金路线·豪华版,Cultural Odyssey: Tokyo to Fukuoka – Deluxe,文化长旅：东京到福冈（豪华版）,16,15,Tokyo (2N) > Takayama (2N) > Kyoto (3N) > Okayama (2N) > Fukuoka (2N) > Hiroshima (2N) > Tokyo (2N),TOKYO 东京 (2N) > TAKAYAMA 高山 (2N) > KYOTO 京都 (3N) > OKAYAMA 冈山 (2N) > FUKUOKA 福冈 (2N) > HIROSHIMA 广岛 (2N) > TOKYO 东京 (2N),5400,6900,USD,World Heritage & National Treasures; Golden Route,,Tokyo (Haneda/Narita),,16,high,https://selfguidejapan.com/tours/GR110
HD001,HD,北海道（夏季）,Discover Hokkaido:  Nature & Scenic Views,发现北海道：自然与绝景,7,6,Sapporo (2N) > Sounkyo (1N) > Akan (3N),SAPPORO 札幌 (2N) > SOUNKYO 层云峡 (1N) > AKAN 阿寒湖 (3N),3700,4300,USD,Nature & Outdoors; Hidden Gems,,Sapporo (New Chitose),,7,high,https://selfguidejapan.com/tours/HD001
HD002,HD,北海道（夏季）,Scenic Southern Hokkaido Escape: Hot Springs & History,道南风光之旅：温泉与历史,7,6,Sapporo (2N) > Toyako Onsen (2N) > Hakodate (2N),SAPPORO 札幌 (2N) > TOYAKO ONSEN 洞爷湖 (2N) > HAKODATE 函馆 (2N),2200,2700,USD,Nature & Outdoors; Hidden Gems,,Sapporo (New Chitose),,7,high,https://selfguidejapan.com/tours/HD002
HK001,HK,北海道滑雪/冬季,Rusutsu & Hakuba Tsugaike Ski Journey,留寿都与白马栂池滑雪之旅,11,10,RUSUTSU (4N) > Hakuba (Tsugaike) (4N) > Tokyo (2N),RUSUTSU 留寿都 (4N) > HAKUBA (TSUGAIKE) 白马 (4N) > TOKYO 东京 (2N),4300,5900,USD,Ski Resorts,,Sapporo (New Chitose),,11,high,https://selfguidejapan.com/tours/HK001
HK002,HK,北海道滑雪/冬季,Sahoro & Furano Ski Journey,佐幌与富良野滑雪之旅,11,10,Sahoro (5N) > Furano (5N),SAHORO 佐幌 (5N) > FURANO 富良野 (5N),4200,4900,USD,Ski Resorts,,New Chitose Airport,New Chitose Airport,11,high,https://selfguidejapan.com/tours/HK002
HK003,HK,北海道滑雪/冬季,"Asahikawa Ski Safari: Pippu, Nayoro Piyashiri & Kamui",旭川滑雪巡游：比布、名寄 Piyashiri 与神居,10,9,Asahikawa (9N),ASAHIKAWA 旭川 (9N),2900,3300,USD,Ski Resorts,,New Chitose Airport,New Chitose Airport,10,high,https://selfguidejapan.com/tours/HK003
HK004,HK,北海道滑雪/冬季,Sapporo City Break & Furano Ski,札幌城市假期与富良野滑雪,8,7,Sapporo (3N) > Furano (4N),SAPPORO 札幌 (3N) > FURANO 富良野 (4N),3200,3600,USD,Ski Resorts,,New Chitose Airport,New Chitose Airport,8,high,https://selfguidejapan.com/tours/HK004
HK005,HK,北海道滑雪/冬季,Sapporo Discovery & Rusutsu Ski,探索札幌与留寿都滑雪,8,7,Sapporo (3N) > Rusutsu (4N),SAPPORO 札幌 (3N) > RUSUTSU 留寿都 (4N),2400,4800,USD,Ski Resorts,,New Chitose Airport,New Chitose Airport,8,high,https://selfguidejapan.com/tours/HK005
HK006,HK,北海道滑雪/冬季,Rusutsu & Furano Ski with Hokkaido Highlights,留寿都与富良野滑雪 + 北海道精华,12,11,Rusutsu (4N) > Jozankei Onsen (1N) > Sapporo (2N) > Furano (4N),RUSUTSU 留寿都 (4N) > JOZANKEI ONSEN 定山溪温泉 (1N) > SAPPORO 札幌 (2N) > FURANO 富良野 (4N),4700,6400,USD,Ski Resorts,,New Chitose Airport,New Chitose Airport,12,high,https://selfguidejapan.com/tours/HK006
HK007,HK,北海道滑雪/冬季,Rusutsu & Furano Ski Journey,留寿都与富良野滑雪之旅,8,7,Rusutsu (4N) > Furano (3N),RUSUTSU 留寿都 (4N) > FURANO 富良野 (3N),3400,5100,USD,Ski Resorts,,New Chitose Airport,New Chitose Airport,8,high,https://selfguidejapan.com/tours/HK007
HK008,HK,北海道滑雪/冬季,Rusutsu Ski with Sapporo & Noboribetsu Onsen,留寿都滑雪 + 札幌与登别温泉,8,7,Sapporo (2N) > Noboribetsu (1N) > Rusutsu (4N),SAPPORO 札幌 (2N) > NOBORIBETSU 登别温泉 (1N) > RUSUTSU 留寿都 (4N),2900,5100,USD,Ski Resorts,,New Chitose Airport,New Chitose Airport,8,high,https://selfguidejapan.com/tours/HK008
HK102,HK,北海道滑雪/冬季·豪华版,Sahoro & Furano with Lift Tickets,佐幌与富良野滑雪（含缆车票）,11,10,Sahoro (5N) > Furano (5N),SAHORO 佐幌 (5N) > FURANO 富良野 (5N),5500,6200,USD,Ski Resorts,,New Chitose Airport,New Chitose Airport,11,high,https://selfguidejapan.com/tours/HK102
HS001,HS,温泉之旅,Healing Waters & Timeless Towns: Onsen Journey Across Japan,疗愈之泉与永恒小镇：日本温泉之旅,14,13,Tokyo (2N) > Himeji (1N) > Hiroshima (2N) > Kyoto (2N) > Kanazawa (2N) > Shirakawa-go (1N) > Gero (1N) > Tokyo (2N),TOKYO 东京 (2N) > HIMEJI 姬路 (1N) > HIROSHIMA 广岛 (2N) > KYOTO 京都 (2N) > KANAZAWA 金泽 (2N) > SHIRAKAWA-GO 白川乡 (1N) > GERO 下吕温泉 (1N) > TOKYO 东京 (2N),4400,5900,USD,Onsen & Relaxation,,Tokyo (Haneda/Narita),,14,high,https://selfguidejapan.com/tours/HS001
HS002,HS,温泉之旅,Hop Through Japan’s Hot Springs & Highlights,穿梭日本温泉与精华,14,13,Tokyo (2N) > Hakone (1N) > Kyoto (3N) > Kinosaki (1N) > Kanazawa (2N) > Shirakawa-go (1N) > Gero (1N) > Tokyo (2N),TOKYO 东京 (2N) > HAKONE 箱根 (1N) > KYOTO 京都 (3N) > KINOSAKI 城崎温泉 (1N) > KANAZAWA 金泽 (2N) > SHIRAKAWA-GO 白川乡 (1N) > GERO 下吕温泉 (1N) > TOKYO 东京 (2N),4300,5700,USD,Onsen & Relaxation,,Tokyo (Haneda/Narita),,14,high,https://selfguidejapan.com/tours/HS002
HS003,HS,温泉之旅,The Art of Onsen: A Premium Japan Experience,温泉之道：日本尊享体验,11,10,Tokyo (2N) > Hakone (2N) > Kyoto (2N) > Kinosaki (2N) > Tokyo (2N),TOKYO 东京 (2N) > HAKONE 箱根 (2N) > KYOTO 京都 (2N) > KINOSAKI 城崎温泉 (2N) > TOKYO 东京 (2N),5500,7600,USD,Onsen & Relaxation,,Tokyo (Haneda/Narita),,11,high,https://selfguidejapan.com/tours/HS003
KA001,KA,关西出发,"Kansai Essentials: Osaka, Nara, and Kyoto",关西精华：大阪、奈良、京都,6,5,"Nishi-Nagahori, Osaka (1N) > Nara (1N) > Kyoto (2N)","NISHI-NAGAHORI, OSAKA 大阪 (1N) > NARA 奈良 (1N) > KYOTO 京都 (2N)",1000,1500,USD,Golden Route; World Heritage & National Treasures,,Osaka (KIX/ITM),,6,high,https://selfguidejapan.com/tours/KA001
KA002,KA,关西出发,Beyond Kansai: Villages & Timeless Japan,关西之外：村落与永恒日本,7,6,Osaka (1N) > Kanazawa (1N) > Takayama (2N) > Osaka (2N),OSAKA 大阪 (1N) > KANAZAWA 金泽 (1N) > TAKAYAMA 高山 (2N) > OSAKA 大阪 (2N),2000,3000,USD,Golden Route; World Heritage & National Treasures,,Osaka (KIX/ITM),,7,high,https://selfguidejapan.com/tours/KA002
KA003,KA,关西出发,"Kansai & Setouchi: History, Onsen & Island Beauty",关西与濑户内：历史、温泉与岛屿之美,8,7,Osaka (1N) > Kinosaki (1N) > Himeji (1N) > Hiroshima (2N) > Osaka (2N),OSAKA 大阪 (1N) > KINOSAKI 城崎温泉 (1N) > HIMEJI 姬路 (1N) > HIROSHIMA 广岛 (2N) > OSAKA 大阪 (2N),2200,3100,USD,Golden Route; World Heritage & National Treasures; Onsen & Relaxation,,Osaka (KIX/ITM),,8,high,https://selfguidejapan.com/tours/KA003
KM001,KM,高野山·熊野灵场,From Sacred Mountains to Coastal Calm,从圣山到静谧海岸,15,14,Tokyo (2N) > Kashikojima (1N) > Kyoto (3N) > Nara (1N) > Koyasan (1N) > Osaka (2N) > Takayama (2N) > Tokyo (2N),TOKYO 东京 (2N) > KASHIKOJIMA 贤岛 (1N) > KYOTO 京都 (3N) > NARA 奈良 (1N) > KOYASAN 高野山 (1N) > OSAKA 大阪 (2N) > TAKAYAMA 高山 (2N) > TOKYO 东京 (2N),4400,6300,USD,World Heritage & National Treasures; Nature & Outdoors,,Tokyo (Haneda/Narita),,15,high,https://selfguidejapan.com/tours/KM001
KM002,KM,高野山·熊野灵场,"A Journey of Culture, Peace, and Spiritual Reflection",文化、和平与心灵之旅,15,14,Tokyo (2N) > Hiroshima (2N) > Osaka (2N) > Koyasan (1N) > Kyoto (3N) > Takayama (2N) > Tokyo (2N),TOKYO 东京 (2N) > HIROSHIMA 广岛 (2N) > OSAKA 大阪 (2N) > KOYASAN 高野山 (1N) > KYOTO 京都 (3N) > TAKAYAMA 高山 (2N) > TOKYO 东京 (2N),4400,6300,USD,Nature & Outdoors; World Heritage & National Treasures,,Tokyo (Haneda/Narita),,15,high,https://selfguidejapan.com/tours/KM002
KM003,KM,高野山·熊野灵场,Koyasan: Sacred Sites and Quiet Beauty,高野山：圣地与静美,12,11,Tokyo (2N) > Koyasan (2N) > Kyoto (3N) > Takayama (2N) > Tokyo (2N),TOKYO 东京 (2N) > KOYASAN 高野山 (2N) > KYOTO 京都 (3N) > TAKAYAMA 高山 (2N) > TOKYO 东京 (2N),3500,5200,USD,Nature & Outdoors; World Heritage & National Treasures,,Tokyo (Haneda/Narita),,12,high,https://selfguidejapan.com/tours/KM003
KM004,KM,高野山·熊野灵场,From Urban Energy to the Soul of Koyasan,从都市活力到高野山之魂,12,11,Tokyo (2N) > Koyasan (2N) > Kyoto (3N) > Kinosaki (1N) > Himeji (1N) > Tokyo (2N),TOKYO 东京 (2N) > KOYASAN 高野山 (2N) > KYOTO 京都 (3N) > KINOSAKI 城崎温泉 (1N) > HIMEJI 姬路 (1N) > TOKYO 东京 (2N),3300,4700,USD,Nature & Outdoors; World Heritage & National Treasures; Onsen & Relaxation,,Tokyo (Haneda/Narita),,12,high,https://selfguidejapan.com/tours/KM004
KM101,KM,高野山·熊野灵场·豪华版,From Sacred Mountains to Coastal Calm – Deluxe,从圣山到静谧海岸（豪华版）,15,14,Tokyo (2N) > Kashikojima (1N) > Kyoto (3N) > Nara (1N) > Koyasan (1N) > Osaka (2N) > Takayama (2N) > Tokyo (2N),TOKYO 东京 (2N) > KASHIKOJIMA 贤岛 (1N) > KYOTO 京都 (3N) > NARA 奈良 (1N) > KOYASAN 高野山 (1N) > OSAKA 大阪 (2N) > TAKAYAMA 高山 (2N) > TOKYO 东京 (2N),5300,6600,USD,World Heritage & National Treasures; Nature & Outdoors,,Tokyo (Haneda/Narita),,15,high,https://selfguidejapan.com/tours/KM101
KM102,KM,高野山·熊野灵场·豪华版,"Culture, Peace & Spiritual Reflection – Deluxe",文化、和平与心灵之旅（豪华版）,15,14,Tokyo (2N) > Hiroshima (2N) > Osaka (2N) > Koyasan (1N) > Kyoto (3N) > Takayama (2N) > Tokyo (2N),TOKYO 东京 (2N) > HIROSHIMA 广岛 (2N) > OSAKA 大阪 (2N) > KOYASAN 高野山 (1N) > KYOTO 京都 (3N) > TAKAYAMA 高山 (2N) > TOKYO 东京 (2N),4900,6300,USD,Nature & Outdoors; World Heritage & National Treasures; Golden Route,,Tokyo (Haneda/Narita),,15,high,https://selfguidejapan.com/tours/KM102
KM103,KM,高野山·熊野灵场·豪华版,Koyasan: Sacred Sites and Quiet Beauty – Deluxe,高野山：圣地与静美（豪华版）,12,11,Tokyo (2N) > Koyasan (2N) > Kyoto (3N) > Takayama (2N) > Tokyo (2N),TOKYO 东京 (2N) > KOYASAN 高野山 (2N) > KYOTO 京都 (3N) > TAKAYAMA 高山 (2N) > TOKYO 东京 (2N),4000,4900,USD,Nature & Outdoors; World Heritage & National Treasures,,Tokyo (Haneda/Narita),,12,high,https://selfguidejapan.com/tours/KM103
KM104,KM,高野山·熊野灵场·豪华版,From Urban Energy to the Soul of Koyasan – Deluxe,从都市活力到高野山之魂（豪华版）,12,11,Tokyo (2N) > Koyasan (2N) > Kyoto (3N) > Kinosaki (1N) > Himeji (1N) > Tokyo (2N),TOKYO 东京 (2N) > KOYASAN 高野山 (2N) > KYOTO 京都 (3N) > KINOSAKI 城崎温泉 (1N) > HIMEJI 姬路 (1N) > TOKYO 东京 (2N),3800,5100,USD,Nature & Outdoors; World Heritage & National Treasures; Onsen & Relaxation,,Tokyo (Haneda/Narita),,12,high,https://selfguidejapan.com/tours/KM104
KR001,KR,樱花短线,Spiritual Peak Experience- Yoshino & Koyasan,灵峰体验：吉野与高野山,4,3,Yoshino (1N) > Kashihara (1N) > Koyasan (1N),YOSHINO 吉野 (1N) > KASHIHARA 橿原 (1N) > KOYASAN 高野山 (1N),1400,2000,USD,Hidden Gems,,Osaka,Osaka,4,high,https://selfguidejapan.com/tours/KR001
KR002,KR,樱花短线,Legend of Iga Ninjas & Spirits of Ise,伊贺忍者传奇与伊势神灵,4,3,Iga Ueno (1N),IGA UENO 伊贺上野 (1N),2800,5500,USD,Hidden Gems; Special Experience,,Osaka,Osaka,4,high,https://selfguidejapan.com/tours/KR002
KR003,KR,樱花短线,Hidden Cherry Blossom & Ancient Temple of Nara,奈良秘境樱花与古寺,4,3,Osaka (3N) > Osaka (3N),OSAKA 大阪 (3N) > OSAKA 大阪 (3N),900,1500,USD,Hidden Gems,,Osaka,Osaka,4,high,https://selfguidejapan.com/tours/KR003
KR004,KR,樱花短线,The Pearl of Pacific Resort- Ise-Shima,太平洋珍珠度假：伊势志摩,2,1,Kashikojima (1N),KASHIKOJIMA 贤岛 (1N),1400,1500,USD,Hidden Gems; Special experience,,Osaka,Osaka,2,high,https://selfguidejapan.com/tours/KR004
KY001,KY,九州温泉,"Hidden Kyushu: Nature, Onsen & Culture Adventure",秘境九州：自然、温泉与文化,9,8,Fukuoka (2N) > Nagasaki (2N) > Kumamoto (1N) > Takachiho (1N) > Beppu (2N),FUKUOKA 福冈 (2N) > NAGASAKI 长崎 (2N) > KUMAMOTO 熊本 (1N) > TAKACHIHO 高千穗 (1N) > BEPPU 别府 (2N),2900,4000,USD,Hidden Gems; World Heritage & National Treasures; Onsen & Relaxation; Nature & Outdoors,,Fukuoka,,9,high,https://selfguidejapan.com/tours/KY001
KY002,KY,九州温泉,Kyushu Pottery Towns & All of Nagasaki,九州陶瓷小镇与长崎全览,9,8,Fukuoka (2N) > Ureshino (1N) > Huis Ten Bosch (2N) > Nagasaki (3N),FUKUOKA 福冈 (2N) > URESHINO 嬉野温泉 (1N) > HUIS TEN BOSCH 豪斯登堡 (2N) > NAGASAKI 长崎 (3N),2800,4400,USD,Hidden Gems; Onsen & Relaxation; World Heritage & National Treasures; Art & Culture; Theme Parks,,Fukuoka,,9,high,https://selfguidejapan.com/tours/KY002
KY003,KY,九州温泉,"Kyushu Discovery: Volcanoes, Onsen & Scenic Wonders",探索九州：火山、温泉与绝景,9,8,Hakata (2N) > Kagoshima (1N) > Ibusuki (1N) > Kumamoto (1N) > Takachiho (1N) > Beppu (2N),HAKATA 博多 (2N) > KAGOSHIMA 鹿儿岛 (1N) > IBUSUKI 指宿 (1N) > KUMAMOTO 熊本 (1N) > TAKACHIHO 高千穗 (1N) > BEPPU 别府 (2N),3500,5700,USD,Hidden Gems; Nature & Outdoors; Onsen & Relaxation,,Fukuoka,,9,high,https://selfguidejapan.com/tours/KY003
KY004,KY,九州温泉,"Premium Kyushu: Serenity, Onsen & Coastal Heritage",尊享九州：静谧、温泉与海岸遗产,13,12,Fukuoka (2N) > Nagasaki (3N) > Unzen (2N) > Yanagawa (2N) > Hita (1N) > Beppu (2N),FUKUOKA 福冈 (2N) > NAGASAKI 长崎 (3N) > UNZEN 云仙温泉 (2N) > YANAGAWA 柳川 (2N) > HITA 日田 (1N) > BEPPU 别府 (2N),6600,8900,USD,Hidden Gems; World Heritage & National Treasures; Onsen & Relaxation; Art & Culture; Luxury Travel,,Fukuoka,,13,high,https://selfguidejapan.com/tours/KY004
KY005,KY,九州温泉,"Kyushu Premium Experience: Nature, Heritage & Onsen",九州尊享体验：自然、遗产与温泉,12,11,Yanagawa (2N) > Ibusuki (1N) > Kagoshima (2N) > Takachiho (1N) > Beppu (2N) > Hita (1N) > Fukuoka (2N),YANAGAWA 柳川 (2N) > IBUSUKI 指宿 (1N) > KAGOSHIMA 鹿儿岛 (2N) > TAKACHIHO 高千穗 (1N) > BEPPU 别府 (2N) > HITA 日田 (1N) > FUKUOKA 福冈 (2N),6600,8900,USD,Onsen & Relaxation; Hidden Gems; Luxury Travel,,Fukuoka,,12,high,https://selfguidejapan.com/tours/KY005
LX001,LX,奢华,Luxury Japan Journey: Ise-Shima Escape,奢华日本之旅：伊势志摩,12,11,Tokyo (2N) > Kashikojima (2N) > Kyoto (2N) > Kanazawa (2N) > Tokyo (2N),TOKYO 东京 (2N) > KASHIKOJIMA 贤岛 (2N) > KYOTO 京都 (2N) > KANAZAWA 金泽 (2N) > TOKYO 东京 (2N),8100,11700,USD,Luxury Travel; Golden Route; Onsen & Relaxation,,Tokyo (Haneda/Narita),,12,high,https://selfguidejapan.com/tours/LX001
LX002,LX,奢华,Refined Kansai Journey: Lake Biwa & Castles,精致关西之旅：琵琶湖与名城,11,10,Tokyo (2N) > Otsu (2N) > Kyoto (2N) > Osaka (2N) > Tokyo (2N),TOKYO 东京 (2N) > OTSU 大津 (2N) > KYOTO 京都 (2N) > OSAKA 大阪 (2N) > TOKYO 东京 (2N),6500,9400,USD,World Heritage & National Treasures; Golden Route; Luxury Travel,,Tokyo (Haneda/Narita),,11,high,https://selfguidejapan.com/tours/LX002
LX003,LX,奢华,"Luxury Journey, Your Way: Hiroshima & Kyoto",随心奢华之旅：广岛与京都,10,9,Tokyo (2N) > Hiroshima (2N) > Kyoto (2N) > Arashiyama (1N) > Tokyo (2N),TOKYO 东京 (2N) > HIROSHIMA 广岛 (2N) > KYOTO 京都 (2N) > ARASHIYAMA 岚山 (1N) > TOKYO 东京 (2N),6900,8400,USD,World Heritage & National Treasures; Golden Route; Luxury Travel,,Tokyo (Haneda/Narita),,10,high,https://selfguidejapan.com/tours/LX003
NT004,NT,自然徒步,Alpine Wonders of Central Japan,中部日本阿尔卑斯奇观,12,11,Tokyo (2N) > Yamanashi (1N) > Utsukushigahara Onsen (1N) > Matsumoto (1N) > Takayama (2N) > Toyama (1N) > Yudanaka Onsen (1N) > Tokyo (2N),TOKYO 东京 (2N) > YAMANASHI 山梨 (1N) > UTSUKUSHIGAHARA ONSEN 美原高原 (1N) > MATSUMOTO 松本 (1N) > TAKAYAMA 高山 (2N) > TOYAMA 富山 (1N) > YUDANAKA ONSEN 汤田中温泉 (1N) > TOKYO 东京 (2N),5100,6600,USD,World Heritage & National Treasures; Nature & Outdoors; Onsen & Relaxation,,Tokyo (Haneda/Narita),,12,high,https://selfguidejapan.com/tours/NT004
NT005,NT,自然徒步,Alpine Routes & Cultural Japan,阿尔卑斯路线与文化日本,11,10,Tokyo-Shinjuku (2N) > Matsumoto (1N) > Toyama (1N) > Kanazawa (2N) > Kyoto (2N) > Osaka-Uehommachi (2N),TOKYO-SHINJUKU 东京 (2N) > MATSUMOTO 松本 (1N) > TOYAMA 富山 (1N) > KANAZAWA 金泽 (2N) > KYOTO 京都 (2N) > OSAKA-UEHOMMACHI 大阪 (2N),2800,4000,USD,Nature & Outdoors,,Tokyo (Haneda/Narita),,11,high,https://selfguidejapan.com/tours/NT005
NT009,NT,自然徒步,Sacred Trails & Coastal Traditions,圣道与海岸传统,10,9,Tokyo (2N) > Kyoto (2N) > Toba (1N) > Kii-Katsuura (2N) > Osaka (2N),TOKYO 东京 (2N) > KYOTO 京都 (2N) > TOBA 鸟羽 (1N) > KII-KATSUURA 纪伊胜浦 (2N) > OSAKA 大阪 (2N),4100,5500,USD,Nature & Outdoors; Hidden Gems; Art & Culture; World Heritage & National Treasures,,Tokyo (Haneda/Narita),,10,high,https://selfguidejapan.com/tours/NT009
NT104,NT,自然徒步·豪华版,Alpine Wonders of Central Japan,中部日本阿尔卑斯奇观,12,11,Tokyo (2N) > Isawa Onsen (1N) > Utsukushigahara (1N) > Matsumoto (1N) > Takayama (2N) > Toyama (1N) > Yudanaka Onsen (1N) > Tokyo (2N),TOKYO 东京 (2N) > ISAWA ONSEN 石和温泉 (1N) > UTSUKUSHIGAHARA 美原高原 (1N) > MATSUMOTO 松本 (1N) > TAKAYAMA 高山 (2N) > TOYAMA 富山 (1N) > YUDANAKA ONSEN 汤田中温泉 (1N) > TOKYO 东京 (2N),5200,6100,USD,World Heritage & National Treasures; Nature & Outdoors; Onsen & Relaxation,,Tokyo (Haneda/Narita),,12,high,https://selfguidejapan.com/tours/NT104
NT105,NT,自然徒步·豪华版,Alpine Routes & Cultural Japan,阿尔卑斯路线与文化日本,11,10,Tokyo (2N) > Matsumoto (1N) > Toyama (1N) > Kanazawa (2N) > Kyoto (2N) > Osaka-Uehommachi (2N),TOKYO 东京 (2N) > MATSUMOTO 松本 (1N) > TOYAMA 富山 (1N) > KANAZAWA 金泽 (2N) > KYOTO 京都 (2N) > OSAKA-UEHOMMACHI 大阪 (2N),3000,4000,USD,Nature & Outdoors,,Tokyo (Haneda/Narita),,11,high,https://selfguidejapan.com/tours/NT105
SE001,SE,濑户内·四国,Artful Setouchi & Japan's Timeless Hot Springs,艺术濑户内与日本经典温泉,12,11,Tokyo (2N) > Kotohira (1N) > Takamatsu (4N) > Himeji (1N) > Kinosaki (1N) > Osaka (2N),TOKYO 东京 (2N) > KOTOHIRA 琴平 (1N) > TAKAMATSU 高松 (4N) > HIMEJI 姬路 (1N) > KINOSAKI 城崎温泉 (1N) > OSAKA 大阪 (2N),3200,4400,USD,World Heritage & National Treasures; Art & Culture; Hidden Gems; Onsen & Relaxation,,Tokyo (Haneda/Narita),,12,high,https://selfguidejapan.com/tours/SE001
SE002,SE,濑户内·四国,Setouchi Shores & Shikoku Heartlands,濑户内海岸与四国腹地,15,14,Tokyo (2N) > Tomonoura (1N) > Hiroshima (2N) > Onomichi (2N) > Takamatsu (4N) > Kotohira (1N) > Osaka (2N),TOKYO 东京 (2N) > TOMONOURA 鞆之浦 (1N) > HIROSHIMA 广岛 (2N) > ONOMICHI 尾道 (2N) > TAKAMATSU 高松 (4N) > KOTOHIRA 琴平 (1N) > OSAKA 大阪 (2N),4400,5700,USD,Art & Culture; Hidden Gems,,Tokyo (Haneda/Narita),,15,high,https://selfguidejapan.com/tours/SE002
SE003,SE,濑户内·四国,Setouchi Sea Paths & Historic Port Towns,濑户内海路与历史港町,11,10,Tokyo (2N) > Onomichi (1N) > Tomonoura (1N) > Hiroshima (2N) > Dogo Onsen (2N) > Osaka (2N),TOKYO 东京 (2N) > ONOMICHI 尾道 (1N) > TOMONOURA 鞆之浦 (1N) > HIROSHIMA 广岛 (2N) > DOGO ONSEN 道后温泉 (2N) > OSAKA 大阪 (2N),3400,4900,USD,Hidden Gems,,Tokyo (Haneda/Narita),,11,high,https://selfguidejapan.com/tours/SE003
SE004,SE,濑户内·四国,"Setouchi Garden Isles, Art Shores & Castle Towns",濑户内庭园岛屿、艺术海岸与城下町,11,10,Tokyo (2N) > Kurashiki (1N) > Takamatsu (3N) > Matsuyama (2N) > Osaka (2N),TOKYO 东京 (2N) > KURASHIKI 仓敷 (1N) > TAKAMATSU 高松 (3N) > MATSUYAMA 松山 (2N) > OSAKA 大阪 (2N),2500,3300,USD,World Heritage & National Treasures; Art & Culture,,Tokyo (Haneda/Narita),,11,high,https://selfguidejapan.com/tours/SE004
SE005,SE,濑户内·四国,Sacred Izumo & Setouchi Sea Paths,神圣出云与濑户内海路,11,10,Tokyo (2N) > Himeji (1N) > Tottori (1N) > Matsue (1N) > Tamatsukuri Onsen (1N) > Kurashiki (2N) > Osaka (2N),TOKYO 东京 (2N) > HIMEJI 姬路 (1N) > TOTTORI 鸟取 (1N) > MATSUE 松江 (1N) > TAMATSUKURI ONSEN 玉造温泉 (1N) > KURASHIKI 仓敷 (2N) > OSAKA 大阪 (2N),2800,4000,USD,World Heritage & National Treasures; Onsen & Relaxation; Hidden Gems; Art & Culture,,Tokyo (Haneda/Narita),,11,high,https://selfguidejapan.com/tours/SE005
SK001,SK,滑雪,Appi & Zao,安比与藏王（滑雪）,13,12,Tokyo (2N) > Appi (4N) > Zao (4N) > Tokyo (2N),TOKYO 东京 (2N) > APPI 安比高原 (4N) > ZAO 藏王 (4N) > TOKYO 东京 (2N),4000,6200,USD,Ski Resorts,,Tokyo (Haneda/Narita),,13,high,https://selfguidejapan.com/tours/SK001
SK002,SK,滑雪,Hakuba Tsugaike & Zao with Snow Monkeys,白马栂池与藏王滑雪 + 雪猴,14,13,Tokyo (2N) > Hakuba (Tsugaike) (4N) > Yudanaka Onsen (1N) > Zao (4N) > Tokyo (2N),TOKYO 东京 (2N) > HAKUBA (TSUGAIKE) 白马 (4N) > YUDANAKA ONSEN 汤田中温泉 (1N) > ZAO 藏王 (4N) > TOKYO 东京 (2N),4800,6000,USD,Ski Resorts,,Tokyo (Haneda/Narita),,14,high,https://selfguidejapan.com/tours/SK002
SK003,SK,滑雪,Hakuba Wadano & Shiga Kogen with Snow Monkeys,白马和田野与志贺高原滑雪 + 雪猴,14,13,Tokyo (2N) > Hakuba (Wadano) (4N) > Yudanaka Onsen (1N) > Shiga Kogen (4N) > Tokyo (2N),TOKYO 东京 (2N) > HAKUBA (WADANO) 白马 (4N) > YUDANAKA ONSEN 汤田中温泉 (1N) > SHIGA KOGEN 志贺高原 (4N) > TOKYO 东京 (2N),4500,5900,USD,Ski Resorts,,Tokyo (Haneda/Narita),,14,high,https://selfguidejapan.com/tours/SK003
SK004,SK,滑雪,Shiga Kogen & Zao with Snow Monkeys,志贺高原与藏王滑雪 + 雪猴,14,13,Tokyo (2N) > Shiga Kogen (4N) > Yudanaka Onsen (1N) > Zao (4N) > Tokyo (2N),TOKYO 东京 (2N) > SHIGA KOGEN 志贺高原 (4N) > YUDANAKA ONSEN 汤田中温泉 (1N) > ZAO 藏王 (4N) > TOKYO 东京 (2N),5200,6500,USD,Ski Resorts,,Tokyo (Haneda/Narita),,14,high,https://selfguidejapan.com/tours/SK004
SK005,SK,滑雪,Hakuba Tsugaike with Snow Monkeys,白马栂池滑雪 + 雪猴,11,10,Tokyo (1N) > Yudanaka Onsen (1N) > Hakuba (Tsugaike) (6N) > Tokyo (2N),TOKYO 东京 (1N) > YUDANAKA ONSEN 汤田中温泉 (1N) > HAKUBA (TSUGAIKE) 白马 (6N) > TOKYO 东京 (2N),3100,3600,USD,Ski Resorts,,Tokyo (Haneda/Narita),,11,high,https://selfguidejapan.com/tours/SK005
SK006,SK,滑雪,Shiga Kogen with Snow Monkeys,志贺高原滑雪 + 雪猴,11,10,Tokyo (1N) > Yudanaka Onsen (1N) > Shiga Kogen (6N) > Tokyo (2N),TOKYO 东京 (1N) > YUDANAKA ONSEN 汤田中温泉 (1N) > SHIGA KOGEN 志贺高原 (6N) > TOKYO 东京 (2N),2900,3500,USD,Ski Resorts,,Tokyo (Haneda/Narita),,11,high,https://selfguidejapan.com/tours/SK006
SK007,SK,滑雪,Appi Ski & Snow Adventure,安比滑雪与冰雪冒险,11,10,Tokyo (2N) > Appi (6N) > Tokyo (2N),TOKYO 东京 (2N) > APPI 安比高原 (6N) > TOKYO 东京 (2N),3300,5600,USD,Ski Resorts,,Tokyo (Haneda/Narita),,11,high,https://selfguidejapan.com/tours/SK007
SK008,SK,滑雪,Zao Snow Monsters – Two beds Resort Plan,藏王树冰：双床度假方案,11,10,Tokyo (2N) > Zao (6N) > Tokyo (2N),TOKYO 东京 (2N) > ZAO 藏王 (6N) > TOKYO 东京 (2N),3800,5100,USD,Ski Resorts,,Tokyo (Haneda/Narita),,11,high,https://selfguidejapan.com/tours/SK008
SK009,SK,滑雪,Hakuba Ski & Popular City Journey,白马滑雪 + 热门城市之旅,13,12,Tokyo (1N) > Yudanaka Onsen (1N) > Hakuba (Wadano) (3N) > Kanazawa (2N) > Kyoto (2N) > Hakone (1N) > Tokyo (2N),TOKYO 东京 (1N) > YUDANAKA ONSEN 汤田中温泉 (1N) > HAKUBA (WADANO) 白马 (3N) > KANAZAWA 金泽 (2N) > KYOTO 京都 (2N) > HAKONE 箱根 (1N) > TOKYO 东京 (2N),4700,6000,USD,Ski Resorts,,Tokyo (Haneda/Narita),,13,high,https://selfguidejapan.com/tours/SK009
SK010,SK,滑雪,Japan Winter Journey with Ski and Cities,日本冬季之旅：滑雪与城市,9,8,Tokyo (1N) > Yudanaka Onsen (3N) > Takayama (2N) > Tokyo (2N),TOKYO 东京 (1N) > YUDANAKA ONSEN 汤田中温泉 (3N) > TAKAYAMA 高山 (2N) > TOKYO 东京 (2N),3100,3900,USD,Ski Resorts,,Tokyo (Haneda/Narita),,9,high,https://selfguidejapan.com/tours/SK010
SK102,SK,滑雪·豪华版,Hakuba Misorano & Zao with Snow Monkeys,白马 Misorano 与藏王滑雪 + 雪猴,14,13,Tokyo (2N) > Hakuba (Misorano) (4N) > Yudanaka Onsen (1N) > Zao (4N) > Tokyo (2N),TOKYO 东京 (2N) > HAKUBA (MISORANO) 白马 (4N) > YUDANAKA ONSEN 汤田中温泉 (1N) > ZAO 藏王 (4N) > TOKYO 东京 (2N),5400,6600,USD,Ski Resorts,,Tokyo (Haneda/Narita),,14,high,https://selfguidejapan.com/tours/SK102
SK105,SK,滑雪·豪华版,Hakuba Misorano with Snow Monkeys,白马 Misorano 滑雪 + 雪猴,11,10,Tokyo (1N) > Yudanaka Onsen (1N) > Hakuba (Misorano) (6N) > Tokyo (2N),TOKYO 东京 (1N) > YUDANAKA ONSEN 汤田中温泉 (1N) > HAKUBA (MISORANO) 白马 (6N) > TOKYO 东京 (2N),3100,3600,USD,Ski Resorts,,Tokyo (Haneda/Narita),,11,high,https://selfguidejapan.com/tours/SK105
SK108,SK,滑雪·豪华版,Zao Snow Monsters – Premium Ryokan Plan,藏王树冰：高级旅馆方案,11,10,Tokyo (2N) > Zao (6N) > Tokyo (2N),TOKYO 东京 (2N) > ZAO 藏王 (6N) > TOKYO 东京 (2N),4600,6000,USD,Ski Resorts,,Tokyo (Haneda/Narita),,11,high,https://selfguidejapan.com/tours/SK108
SK205,SK,滑雪·豪华版,Hakuba Wadano with Snow Monkeys,白马和田野滑雪 + 雪猴,11,10,Tokyo (1N) > Yudanaka Onsen (1N) > Hakuba (Wadano) (6N) > Tokyo (2N),TOKYO 东京 (1N) > YUDANAKA ONSEN 汤田中温泉 (1N) > HAKUBA (WADANO) 白马 (6N) > TOKYO 东京 (2N),4000,5700,USD,Ski Resorts,,Tokyo (Haneda/Narita),,11,high,https://selfguidejapan.com/tours/SK205
SK208,SK,滑雪·豪华版,Zao Snow Monsters – Suite Resort Plan,藏王树冰：套房度假方案,11,10,Tokyo (2N) > Zao (6N) > Tokyo (2N),TOKYO 东京 (2N) > ZAO 藏王 (6N) > TOKYO 东京 (2N),4400,5700,USD,Ski Resorts,,Tokyo (Haneda/Narita),,11,high,https://selfguidejapan.com/tours/SK208
SL001,SL,单人出行 SOLO,SOLO Hidden Gems of Japan: Ise-Shima Escape,单人·日本秘境：伊势志摩之旅,12,11,Tokyo (2N) > Nagoya (1N) > Kashikojima (1N) > Osaka (3N) > Kyoto (2N) > Tokyo (2N),TOKYO 东京 (2N) > NAGOYA 名古屋 (1N) > KASHIKOJIMA 贤岛 (1N) > OSAKA 大阪 (3N) > KYOTO 京都 (2N) > TOKYO 东京 (2N),3700,4400,USD,Solo (1 person),,Tokyo (Haneda/Narita),,12,high,https://selfguidejapan.com/tours/SL001
SL003,SL,单人出行 SOLO,SOLO Koyasan: Sacred Sites and Quiet Beauty,单人·高野山：圣地与静美,12,11,Tokyo (2N) > Koyasan (2N) > Kyoto (3N) > Takayama (2N) > Tokyo (2N),TOKYO 东京 (2N) > KOYASAN 高野山 (2N) > KYOTO 京都 (3N) > TAKAYAMA 高山 (2N) > TOKYO 东京 (2N),3700,5400,USD,Solo (1 person),,Tokyo (Haneda/Narita),,12,high,https://selfguidejapan.com/tours/SL003
SL004,SL,单人出行 SOLO,SOLO Castles: Culture & Countryside,单人·名城：文化与乡野,15,14,Tokyo (2N) > Okayama (2N) > Hiroshima (2N) > Fukuoka (2N) > Osaka (2N) > Takayama (2N) > Tokyo (2N),TOKYO 东京 (2N) > OKAYAMA 冈山 (2N) > HIROSHIMA 广岛 (2N) > FUKUOKA 福冈 (2N) > OSAKA 大阪 (2N) > TAKAYAMA 高山 (2N) > TOKYO 东京 (2N),4600,6100,USD,Solo (1 person),,Tokyo (Haneda/Narita),,15,high,https://selfguidejapan.com/tours/SL004
SL005,SL,单人出行 SOLO,SOLO Castles & Heritage of West Japan,单人·西日本名城与遗产,15,14,Tokyo (2N) > Okayama (2N) > Hiroshima (2N) > Himeji (1N) > Kyoto (3N) > Kanazawa (2N) > Tokyo (2N),TOKYO 东京 (2N) > OKAYAMA 冈山 (2N) > HIROSHIMA 广岛 (2N) > HIMEJI 姬路 (1N) > KYOTO 京都 (3N) > KANAZAWA 金泽 (2N) > TOKYO 东京 (2N),4000,5400,USD,Solo (1 person),,Tokyo (Haneda/Narita),,15,high,https://selfguidejapan.com/tours/SL005
SL007,SL,单人出行 SOLO,SOLO Sea of Serenity: Kashikojima & Cultural Japan,单人·宁静之海：贤岛与文化日本,13,12,Tokyo (2N) > Hakone (1N) > Kashikojima (1N) > Kyoto (3N) > Okayama (1N) > Hiroshima (2N) > Tokyo (2N),TOKYO 东京 (2N) > HAKONE 箱根 (1N) > KASHIKOJIMA 贤岛 (1N) > KYOTO 京都 (3N) > OKAYAMA 冈山 (1N) > HIROSHIMA 广岛 (2N) > TOKYO 东京 (2N),4200,5900,USD,Solo (1 person),,Tokyo (Haneda/Narita),,13,high,https://selfguidejapan.com/tours/SL007
TP001,TP,主题乐园,15 Days Through Japan & Universal City,15 天纵览日本与环球影城,15,14,Tokyo (2N) > Ise-Shima (1N) > Kyoto (3N) > Nara (1N) > Osaka (Universal City) (3N) > Takayama (2N) > Tokyo (2N),TOKYO 东京 (2N) > ISE-SHIMA 伊势志摩 (1N) > KYOTO 京都 (3N) > NARA 奈良 (1N) > OSAKA (UNIVERSAL CITY) 大阪 (3N) > TAKAYAMA 高山 (2N) > TOKYO 东京 (2N),4000,5900,USD,Theme Parks,,Tokyo (Haneda/Narita),,15,high,https://selfguidejapan.com/tours/TP001
TP002,TP,主题乐园,"Culture, Nature, and Universal City Adventure",文化、自然与环球影城冒险,12,11,Tokyo (2N) > Hiroshima (2N) > Osaka (Universal City) (3N) > Kyoto (2N) > Tokyo (2N),TOKYO 东京 (2N) > HIROSHIMA 广岛 (2N) > OSAKA (UNIVERSAL CITY) 大阪 (3N) > KYOTO 京都 (2N) > TOKYO 东京 (2N),3000,4400,USD,Theme Parks,,Tokyo (Haneda/Narita),,12,high,https://selfguidejapan.com/tours/TP002
TP003,TP,主题乐园,Japan Highlights & Theme Park in Osaka,日本精华与大阪主题乐园,12,11,Tokyo (2N) > Osaka (Universal City) (2N) > Kyoto (3N) > Takayama (2N) > Tokyo (2N),TOKYO 东京 (2N) > OSAKA (UNIVERSAL CITY) 大阪 (2N) > KYOTO 京都 (3N) > TAKAYAMA 高山 (2N) > TOKYO 东京 (2N),3200,4800,USD,Theme Parks,,Tokyo (Haneda/Narita),,12,high,https://selfguidejapan.com/tours/TP003
TP004,TP,主题乐园,"Tokyo Bay, Creative Parks & Osaka Thrills",东京湾乐园、创意乐园与大阪刺激之旅,9,8,Maihama (3N) > Nagoya (2N) > Osaka (Universal City) (3N),MAIHAMA 舞滨 (3N) > NAGOYA 名古屋 (2N) > OSAKA (UNIVERSAL CITY) 大阪 (3N),2200,3500,USD,Theme Parks,,Tokyo (Haneda/Narita),,9,high,https://selfguidejapan.com/tours/TP004
TP005,TP,主题乐园,Japan's Thrilling Theme Parks & Kyoto,日本刺激主题乐园与京都,9,8,Maihama (3N) > Kyoto (2N) > Osaka (Universal City) (3N),MAIHAMA 舞滨 (3N) > KYOTO 京都 (2N) > OSAKA (UNIVERSAL CITY) 大阪 (3N),2400,4200,USD,Theme Parks,,Tokyo (Haneda/Narita),,9,high,https://selfguidejapan.com/tours/TP005
TP006,TP,主题乐园,From Fantasy Rides to Classic Towns,从梦幻乐园到经典古镇,12,11,Maihama (3N) > Kanazawa (2N) > Osaka (Universal City) (2N) > Kyoto (2N) > Tokyo (2N),MAIHAMA 舞滨 (3N) > KANAZAWA 金泽 (2N) > OSAKA (UNIVERSAL CITY) 大阪 (2N) > KYOTO 京都 (2N) > TOKYO 东京 (2N),3500,5900,USD,Theme Parks,,Tokyo (Haneda/Narita),,12,high,https://selfguidejapan.com/tours/TP006
TP101,TP,主题乐园·豪华版,15 Days Through Japan & Universal City – Deluxe,15 天纵览日本与环球影城（豪华版）,15,14,Tokyo (2N) > Kashikojima (1N) > Kyoto (3N) > Nara (1N) > Osaka (Universal City) (3N) > Takayama (2N) > Osaka (Universal City) (2N),TOKYO 东京 (2N) > KASHIKOJIMA 贤岛 (1N) > KYOTO 京都 (3N) > NARA 奈良 (1N) > OSAKA (UNIVERSAL CITY) 大阪 (3N) > TAKAYAMA 高山 (2N) > OSAKA (UNIVERSAL CITY) 大阪 (2N),5000,6500,USD,Theme Parks,,Tokyo (Haneda/Narita),,15,high,https://selfguidejapan.com/tours/TP101
TP102,TP,主题乐园·豪华版,"Culture, Nature, and Universal City Adventure – Deluxe",文化、自然与环球影城冒险（豪华版）,12,11,Tokyo (2N) > Hiroshima (2N) > Osaka (Universal City) (3N) > Kyoto (2N) > Tokyo (2N),TOKYO 东京 (2N) > HIROSHIMA 广岛 (2N) > OSAKA (UNIVERSAL CITY) 大阪 (3N) > KYOTO 京都 (2N) > TOKYO 东京 (2N),3300,4800,USD,Theme Parks,,Tokyo (Haneda/Narita),,12,high,https://selfguidejapan.com/tours/TP102
TP103,TP,主题乐园·豪华版,Japan Highlights & Theme Park in Osaka – Deluxe,日本精华与大阪主题乐园（豪华版）,12,11,Tokyo (2N) > Osaka (Universal City) (2N) > Kyoto (3N) > Takayama (2N) > Tokyo (2N),TOKYO 东京 (2N) > OSAKA (UNIVERSAL CITY) 大阪 (2N) > KYOTO 京都 (3N) > TAKAYAMA 高山 (2N) > TOKYO 东京 (2N),3600,4900,USD,Theme Parks,,Tokyo (Haneda/Narita),,12,high,https://selfguidejapan.com/tours/TP103
