name_en,name_cn,city,city_cn,region_cn,category,tour_count,tours
Andong Hahoe Folk Village,安东河回村,Andong,安东,庆尚北道·大邱,传统村落/韩屋村,3,KTE-RT7 KTE-E4 KTE-UK16
Baekyangsa Temple,白羊寺,Jangseong,长城,全罗道,寺庙,3,KTE-RT7 KTE-W4 KTE-UK16
Boseong Green Tea Plantation,宝城绿茶园,Boseong,宝城,全罗道,自然风景,3,KTE-RT7 KTE-W4 KTE-UK16
Bulguksa Temple,佛国寺,Gyeongju,庆州,庆尚北道·大邱,寺庙,3,KTE-RT7 KTE-E4 KTE-UK16
Cheomseongdae Observatory,瞻星台,Gyeongju,庆州,庆尚北道·大邱,史迹/世界遗产,3,KTE-RT7 KTE-E4 KTE-UK16
Daegu Korean Traditional Culture Center,大邱传统文化体验馆,Daegu,大邱,庆尚北道·大邱,体验,3,KTE-RT7 KTE-E4 KTE-UK16
Daereungwon Tomb Complex,大陵苑,Gyeongju,庆州,庆尚北道·大邱,史迹/世界遗产,3,KTE-RT7 KTE-E4 KTE-UK16
Dongbaek Island & Nurimaru APEC House,冬柏岛·APEC世峰楼,Busan,釜山,庆尚南道·釜山·蔚山,公园/花园/树木园,3,KTE-RT7 KTE-E4 KTE-UK16
Donggung Palace & Wolji Pond,东宫与月池（雁鸭池）,Gyeongju,庆州,庆尚北道·大邱,史迹/世界遗产,3,KTE-RT7 KTE-E4 KTE-UK16
Gongju Gongsanseong & Tomb of King Muryeong,公州公山城·武宁王陵,Gongju,公州,忠清道,史迹/世界遗产,3,KTE-RT7 KTE-W4 KTE-UK16
Gyeongju National Museum,国立庆州博物馆,Gyeongju,庆州,庆尚北道·大邱,博物馆/美术馆,3,KTE-RT7 KTE-E4 KTE-UK16
Jagalchi Fish Market,札嘎其鱼市场,Busan,釜山,庆尚南道·釜山·蔚山,传统市场,3,KTE-RT7 KTE-E4 KTE-UK16
Jeonju Hanok Village,全州韩屋村,Jeonju,全州,全罗道,传统村落/韩屋村,3,KTE-RT7 KTE-W4 KTE-UK16
Naganeupseong Folk Village,乐安邑城民俗村,Suncheon,顺天,全罗道,传统村落/韩屋村,3,KTE-RT7 KTE-W4 KTE-UK16
Seoraksan National Park & Gwongeumseong Cable Car,雪岳山国立公园·权金城缆车,Sokcho,束草,江原道,自然风景,3,KTE-RT7 KTE-E4 KTE-UK16
Songdo Marine Cable Car (Busan Air Cruise),松岛海上缆车,Busan,釜山,庆尚南道·釜山·蔚山,缆车/游船/小火车,3,KTE-RT7 KTE-E4 KTE-UK16
Suncheon Bay Wetland Reserve,顺天湾湿地,Suncheon,顺天,全罗道,自然风景,3,KTE-RT7 KTE-W4 KTE-UK16
UN Memorial Cemetery,联合国纪念公园,Busan,釜山,庆尚南道·釜山·蔚山,史迹/世界遗产,3,KTE-RT7 KTE-W4 KTE-UK16
Anmok Beach Café Street,安木海边咖啡街,Gangneung,江陵,江原道,网红咖啡/拍照点,1,KTE-GW2
Aromatherapy Footbath,香薰足浴,Jeju,济州,济州,体验,1,KTE-UK16
Bijarim Forest,榧子林,Jeju,济州,济州,自然风景,1,KTE-UK16
Cheongok Cave,天谷洞窟,Donghae,东海,江原道,自然风景,1,KTE-GW2
Cheonjiyeon / Cheonjeyeon Falls,天地渊/天帝渊瀑布,Seogwipo,西归浦,济州,自然风景,1,KTE-UK16
Chuam Candlestick Rock,湫岩烛台岩,Donghae,东海,江原道,自然风景,1,KTE-GW2
Dora Observatory,都罗展望台,Paju,坡州,首都圈（首尔/仁川/京畿）,安保观光（DMZ）,1,KTE-UK16
Gangneung Jungang Market,江陵中央市场,Gangneung,江陵,江原道,传统市场,1,KTE-GW2
Gotjawal Forest,Gotjawal 原始林,Jeju,济州,济州,自然风景,1,KTE-UK16
Gwanghwamun Square,光化门广场,Seoul,首尔,首都圈（首尔/仁川/京畿）,街区/商圈,1,KTE-UK16
Gyeongbokgung Palace,景福宫,Seoul,首尔,首都圈（首尔/仁川/京畿）,宫殿,1,KTE-UK16
Gyeongpodae & Gyeongpo Beach,镜浦台·镜浦海边,Gangneung,江陵,江原道,海岸/海滩,1,KTE-GW2
Hallim Park & Hyeopjae Beach,翰林公园·挟才海水浴场,Jeju,济州,济州,海岸/海滩,1,KTE-UK16
Han River Cruise,汉江游船,Seoul,首尔,首都圈（首尔/仁川/京畿）,缆车/游船/小火车,1,KTE-UK16
Han River Park,汉江公园,Seoul,首尔,首都圈（首尔/仁川/京畿）,公园/花园/树木园,1,KTE-UK16
Hanbok Dress-up Experience,韩服体验,Gwangju,光州,全罗道,体验,1,KTE-UK16
Imjingak Park,临津阁,Paju,坡州,首都圈（首尔/仁川/京畿）,安保观光（DMZ）,1,KTE-UK16
Jeju Stone Park,济州石文化公园,Jeju,济州,济州,公园/花园/树木园,1,KTE-UK16
Jeongdongjin (Rail Bike & Station),正东津（铁路自行车）,Gangneung,江陵,江原道,缆车/游船/小火车,1,KTE-GW2
Jogyesa Temple,曹溪寺,Seoul,首尔,首都圈（首尔/仁川/京畿）,寺庙,1,KTE-UK16
Jusangjeolli Cliff,柱状节理带,Seogwipo,西归浦,济州,自然风景,1,KTE-UK16
Lotte World Tower Seoul Sky,乐天世界塔 Seoul Sky,Seoul,首尔,首都圈（首尔/仁川/京畿）,观景台/塔,1,KTE-UK16
Mukho Port & Nongoldam-gil,墨湖港·论谷潭路,Donghae,东海,江原道,街区/商圈,1,KTE-GW2
Myeongdong Shopping Street,明洞购物街,Seoul,首尔,首都圈（首尔/仁川/京畿）,街区/商圈,1,KTE-UK16
NANTA Show,乱打秀,Seoul,首尔,首都圈（首尔/仁川/京畿）,演出,1,KTE-UK16
Nami Island,南怡岛,Nami Island,南怡岛,江原道,海岛,1,KTE-UK16
National Folk Museum of Korea,国立民俗博物馆,Seoul,首尔,首都圈（首尔/仁川/京畿）,博物馆/美术馆,1,KTE-UK16
O'sulloc Tea Museum & Innisfree House,雪绿茶博物馆·悦诗风吟,Seogwipo,西归浦,济州,博物馆/美术馆,1,KTE-UK16
Ojukheon House,乌竹轩,Gangneung,江陵,江原道,史迹/世界遗产,1,KTE-GW2
Seongsan Ilchulbong (Sunrise Peak),城山日出峰,Jeju,济州,济州,自然风景,1,KTE-UK16
The 3rd Tunnel (DMZ),第三地道,Paju,坡州,首都圈（首尔/仁川/京畿）,安保观光（DMZ）,1,KTE-UK16
Ulleungdo & Dokdo,郁陵岛·独岛,Ulleungdo,郁陵岛,庆尚北道·大邱,海岛,1,KTE-ULL3
