code,type,title_en,title_cn,days,nights,route,route_cn,price,price_usd_min,season,themes,shopping_stops,url
KR6NST,自由行,"Seoul, Nami Island & Ski Stay Live It Up",,6,4,Hoengseong (3N) > Seoul (1N),横城 (3N) > 首尔 (1N),SGD 1288,1005,,Free & Easy; Winter & Ski,,https://www.chanbrothers.com/free-easy/asia/south-korea/seoul-nami-island-ski-stay-live-it-up
KR5MXT,自由行,Seoul Mix & Match,,5,4,Seoul (4N),首尔 (4N),SGD 948,739,,Free & Easy,,https://www.chanbrothers.com/free-easy/asia/south-korea/seoul-mix-match
KR5SA,自由行,Seoul Atelier,,5,4,Seoul (4N),首尔 (4N),SGD 2888,2253,,Free & Easy,高丽人参店,https://www.chanbrothers.com/free-easy/asia/south-korea/seoul-atelier
KR8RWG,跟团,8D6N Rejoice In Korea Winter Holiday,享乐韩国冬季好时光,8,6,Incheon (1N) > Pyeongchang (2N) > Seoul (3N),仁川 (1N) > 平昌 (2N) > 首尔 (3N),SGD 1788,1395,November 2026 - March 2027,Heritage & Culture; Instagrammable & Cafés; Shopping & City; Theme Parks & Family; Winter & Ski,化妆品店、护肝宝店,https://www.chanbrothers.com/package-tours/asia/south-korea/rejoice-in-korea-winter-holiday
KR8SEG,跟团,8D6N Korea Ski Escapade,大韩雪花季之旅,8,6,Jeju (2N) > Daegu (1N) > Pyeongchang (1N) > Seoul (2N),济州 (2N) > 大邱 (1N) > 平昌 (1N) > 首尔 (2N),SGD 1988,1551,November 2026 - March 2027,Nature & Scenery; Shopping & City; Theme Parks & Family; Winter & Ski,化妆品店、护肝宝店,https://www.chanbrothers.com/package-tours/asia/south-korea/korea-ski-escapade
KR8GAG,跟团,8D6N Korea Autumn Edition,,8,6,Jeju (2N) > Daegu (1N) > Jeonju (1N) > Seoul (2N),济州 (2N) > 大邱 (1N) > 全州 (1N) > 首尔 (2N),SGD 2138,1668,October 2026 - November 2026,Autumn Foliage; Hands-on Experiences; Heritage & Culture; Nature & Scenery; Shopping & City; Theme Parks & Family,护肝宝店,https://www.chanbrothers.com/package-tours/asia/south-korea/korea-autumn-edition-0
KR8GKG,跟团,8D6N Grandeur Of Korea,大韩之旅,8,6,Jeju (2N) > Daegu (1N) > Jeonju (1N) > Seoul (2N),济州 (2N) > 大邱 (1N) > 全州 (1N) > 首尔 (2N),SGD 1888,1473,October 2026 - June 2027,Hands-on Experiences; Heritage & Culture; Nature & Scenery; Seasonal Festivals; Shopping & City; Theme Parks & Family,护肝宝店,https://www.chanbrothers.com/package-tours/asia/south-korea/grandeur-of-korea-0
KR8IG,跟团,Instagrammable Korea,INSTAGRAMMABLE 韩国之旅,8,7,Incheon (3N) > Yangpyeong (1N) > Seoul (3N),仁川 (3N) > 杨平 (1N) > 首尔 (3N),SGD 1488,1161,October 2026 - March 2027,DMZ; Instagrammable & Cafés; Shopping & City; Theme Parks & Family,化妆品店、护肝宝店,https://www.chanbrothers.com/package-tours/asia/south-korea/instagrammable-korea-0
KR8PQG,跟团,8 Days 6 Nights Picturesque Korea,秀丽韩国之旅,8,6,Jeju (3N) > Pyeongchang (1N) > Seoul (2N),济州 (3N) > 平昌 (1N) > 首尔 (2N),SGD 2088,1629,October 2026 - November 2026,DMZ; Hands-on Experiences; Heritage & Culture; Instagrammable & Cafés; Nature & Scenery; Shopping & City; Theme Parks & Family; Winter & Ski,化妆品店、护肝宝店,https://www.chanbrothers.com/package-tours/asia/south-korea/picturesque-korea-0
KR8SNG,跟团,8D6N See Seoul & Busan,焕然一新看首尔及釜山,8,6,Incheon (1N) > Busan (2N) > Daegu (1N) > Seoul (2N),仁川 (1N) > 釜山 (2N) > 大邱 (1N) > 首尔 (2N),SGD 1588,1239,October 2026 - June 2027,Hands-on Experiences; Heritage & Culture; Instagrammable & Cafés; Nature & Scenery; Shopping & City,化妆品店、护肝宝店,https://www.chanbrothers.com/package-tours/asia/south-korea/see-seoul-busan
KR6FNT,自由行,Seoul & Nami Live It Up + 1 Nights Free,,6,4,Seoul (4N),首尔 (4N),SGD 1588,1239,,Free & Easy; Heritage & Culture; Theme Parks & Family,高丽人参店,https://www.chanbrothers.com/free-easy/asia/south-korea/seoul-nami-live-it-up-1-nights-free
KR8GEG,跟团,Grandeur Korea English Guided,,8,6,Jeju (2N) > Daegu (1N) > Jeonju (1N) > Seoul (2N),济州 (2N) > 大邱 (1N) > 全州 (1N) > 首尔 (2N),SGD 2488,1941,October 2026 - November 2026,Hands-on Experiences; Heritage & Culture; Nature & Scenery; Seasonal Festivals; Shopping & City; Theme Parks & Family,护肝宝店,https://www.chanbrothers.com/package-tours/asia/south-korea/grandeur-korea-english-guided-tour
KR8FMG,跟团,8 Days 6 Nights Discover Korea Flora Maple Treasures,探索韩国枫花之旅,8,6,Hongcheon (1N) > Pyeongchang (3N) > Seoul (2N),洪川 (1N) > 平昌 (3N) > 首尔 (2N),SGD 1938,1512,October 2026 - October 2026,Autumn Foliage; Heritage & Culture; Instagrammable & Cafés; Nature & Scenery,护肝宝店,https://www.chanbrothers.com/package-tours/asia/south-korea/discover-korea-flora-maple-treasures
KR8BKG,跟团,8D6N Blossoms In Korea,韩国赏樱之旅行,8,6,Jeju (2N) > Busan (1N) > Daegu (1N) > Seoul (2N),济州 (2N) > 釜山 (1N) > 大邱 (1N) > 首尔 (2N),SGD 1988,1551,March 2027 - April 2027,Cherry Blossom; Heritage & Culture; Nature & Scenery; Shopping & City; Theme Parks & Family,护肝宝店,https://www.chanbrothers.com/package-tours/asia/south-korea/blossoms-of-korea
KR8SVG,跟团,8D6N Korea Smart Saver,,9,7,Gapyeong (1N) > Hoengseong (2N) > Seoul (4N),加平 (1N) > 横城 (2N) > 首尔 (4N),SGD 1588,1239,February 2027 - March 2027,DMZ; Hands-on Experiences; Heritage & Culture; Instagrammable & Cafés; Nature & Scenery; Shopping & City; Theme Parks & Family; Winter & Ski,免税店、护肝宝店,https://www.chanbrothers.com/package-tours/asia/south-korea/korea-smart-saver
CB-316692,自由行,Korea Express by Europamundo Vacations (English-guided),,7,0,—,—,SGD —,,,Free & Easy; Heritage & Culture,,https://www.chanbrothers.com/free-easy/asia/south-korea/korea-express-by-europamundo-vacations-english-guided
KR8BSG,跟团,Seoul Busan Ski Bliss,8天首尔及釜山滑雪乐,8,6,Busan (2N) > Gyeongju (1N) > Pyeongchang (1N) > Seoul (2N),釜山 (2N) > 庆州 (1N) > 平昌 (1N) > 首尔 (2N),SGD 1788,1395,December 2026 - March 2027,Heritage & Culture; Instagrammable & Cafés; Shopping & City; Theme Parks & Family; Winter & Ski,化妆品店、护肝宝店,https://www.chanbrothers.com/package-tours/asia/south-korea/seoul-busan-ski-bliss-0
KR4JT,自由行,Jeju Getaway,济州岛自由行,4,0,—,—,SGD 488,381,,Free & Easy,,https://www.chanbrothers.com/free-easy/asia/south-korea/jeju-getaway
KR5BJT,自由行,Busan & Gyeongju Live It Up,,5,3,Busan (3N),釜山 (3N),SGD 1288,1005,,Free & Easy; Heritage & Culture,,https://www.chanbrothers.com/free-easy/asia/south-korea/busan-gyeongju-live-it-up
KR5BGT,自由行,Busan & Geoje Island Live It Up,,5,3,Busan (3N),釜山 (3N),SGD 1185,924,,Free & Easy,,https://www.chanbrothers.com/free-easy/asia/south-korea/busan-geoje-island-live-it-up
KR8BG,跟团,Blossoms In Seoul And Gangwon,,8,6,Goyang (Ilsan) (1N) > Pyeongchang (3N) > Seoul (2N),高阳（一山） (1N) > 平昌 (3N) > 首尔 (2N),SGD 1888,1473,April 2027 - April 2027,Cherry Blossom; DMZ; Hands-on Experiences; Heritage & Culture; Instagrammable & Cafés; Shopping & City; Theme Parks & Family,护肝宝店,https://www.chanbrothers.com/package-tours/asia/south-korea/blossoms-in-seoul-gangwon
KR8TGG,跟团,Taste Of Korea With Glamping Journey,,8,6,Jeju (2N) > Gapyeong (1N) > Chuncheon (1N) > Seoul (2N),济州 (2N) > 加平 (1N) > 春川 (1N) > 首尔 (2N),SGD 1688,1317,October 2026 - October 2026,Food; Instagrammable & Cafés; Nature & Scenery; Shopping & City; Winter & Ski,高丽人参店,https://www.chanbrothers.com/package-tours/asia/south-korea/taste-of-korea-with-glamping-journey
CB-8546,私人包车,Busan,,5,0,—,—,SGD —,,,Heritage & Culture; Nature & Scenery,,https://www.chanbrothers.com/private-tours/asia/south-korea/busan
CB-8880,私人包车,Jeju Island,,3,0,—,—,SGD —,,,Nature & Scenery; Seasonal Festivals,,https://www.chanbrothers.com/private-tours/asia/south-korea/jeju-island
CB-8885,私人包车,Seoul,,5,0,—,—,SGD —,,,Nature & Scenery; Theme Parks & Family,,https://www.chanbrothers.com/private-tours/asia/south-korea/seoul
KR6JLT,自由行,Jeju Live It Up,,6,5,Jeju (5N),济州 (5N),SGD 1588,1239,,Free & Easy; Instagrammable & Cafés; Nature & Scenery; Theme Parks & Family,,https://www.chanbrothers.com/free-easy/asia/south-korea/jeju-live-it-up
KR6FGT,自由行,Seoul & Ganghwa DMZ wz Nami Live It Up,,6,4,Seoul (4N),首尔 (4N),SGD 1888,1473,,DMZ; Free & Easy; Heritage & Culture; Instagrammable & Cafés; Shopping & City,高丽人参店,https://www.chanbrothers.com/free-easy/asia/south-korea/seoul-ganghwa-dmz-wz-nami-live-it-up
KR8UG,跟团,Korea Fine Times Best Finds With Ufm 100.3 Dj Limei,与 UFM100.3 DJ丽梅同游韩国良辰“梅”景,8,7,Incheon (1N) > Seosan (1N) > Jeonju (1N) > Pyeongchang (2N) > Seoul (2N),仁川 (1N) > 瑞山 (1N) > 全州 (1N) > 平昌 (2N) > 首尔 (2N),SGD 2488,1941,November 2026 - December 2026,Hands-on Experiences; Heritage & Culture; Shopping & City; Winter & Ski,化妆品店、护肝宝店,https://www.chanbrothers.com/package-tours/asia/south-korea/korea-fine-times-best-finds-with-ufm-1003-dj-limei
KR10EG,跟团,Korea Easy Pace Travel,韩国慢漫游,10,9,Incheon (1N) > Jeju (3N) > Seosan (1N) > Jeonju (1N) > Seoul (3N),仁川 (1N) > 济州 (3N) > 瑞山 (1N) > 全州 (1N) > 首尔 (3N),SGD 2488,1941,November 2026 - June 2027,DMZ; Hands-on Experiences; Heritage & Culture; Nature & Scenery; Seasonal Festivals; Shopping & City; Theme Parks & Family; Winter & Ski,化妆品店、护肝宝店,https://www.chanbrothers.com/package-tours/asia/south-korea/korea-easy-pace-travel
KR8YYG,跟团,8D6N Yummy Yummy Korea,Yummy Yummy 韩国,8,6,Mokpo (2N) > Jeonju (1N) > Seoul (3N),木浦 (2N) > 全州 (1N) > 首尔 (3N),SGD 2238,1746,October 2026 - November 2026,Food; Hands-on Experiences,化妆品店、护肝宝店,https://www.chanbrothers.com/package-tours/asia/south-korea/yummy-yummy-korea
KR6JMG,跟团,6D5N Jeju Moments,济州好时光,6,5,Jeju (5N),济州 (5N),SGD 1688,1317,November 2026 - March 2027,Instagrammable & Cafés; Nature & Scenery; Theme Parks & Family,化妆品店、护肝宝店、高丽人参店,https://www.chanbrothers.com/package-tours/asia/south-korea/jeju-moments
